"exposure_id","type","country","iso3","region","name","exp_lower","exp_mean","exp_upper","year4","pollutant","pollutant_name_en","region_name_en","measure"
22754,"country","Afghanistan","AFG","region","North Africa and Middle East","59","61","63","1990","pm25","PM25","GBD Regions","µg/m3"
5130,"country","Afghanistan","AFG","country","Afghanistan","59","61","63","1990","pm25","PM25","Country","µg/m3"
22755,"country","Afghanistan","AFG","region","North Africa and Middle East","54","56","58","1995","pm25","PM25","GBD Regions","µg/m3"
5131,"country","Afghanistan","AFG","country","Afghanistan","54","56","58","1995","pm25","PM25","Country","µg/m3"
22753,"country","Afghanistan","AFG","region","North Africa and Middle East","54","56","58","2000","pm25","PM25","GBD Regions","µg/m3"
5129,"country","Afghanistan","AFG","country","Afghanistan","54","56","58","2000","pm25","PM25","Country","µg/m3"
5136,"country","Afghanistan","AFG","country","Afghanistan","42","43","45","2005","pm25","PM25","Country","µg/m3"
22760,"country","Afghanistan","AFG","region","North Africa and Middle East","42","43","45","2005","pm25","PM25","GBD Regions","µg/m3"
5134,"country","Afghanistan","AFG","country","Afghanistan","45","47","48","2010","pm25","PM25","Country","µg/m3"
22758,"country","Afghanistan","AFG","region","North Africa and Middle East","45","47","48","2010","pm25","PM25","GBD Regions","µg/m3"
22751,"country","Afghanistan","AFG","region","North Africa and Middle East","49","50","52","2011","pm25","PM25","GBD Regions","µg/m3"
5127,"country","Afghanistan","AFG","country","Afghanistan","49","50","52","2011","pm25","PM25","Country","µg/m3"
22756,"country","Afghanistan","AFG","region","North Africa and Middle East","49","51","53","2012","pm25","PM25","GBD Regions","µg/m3"
5132,"country","Afghanistan","AFG","country","Afghanistan","49","51","53","2012","pm25","PM25","Country","µg/m3"
5135,"country","Afghanistan","AFG","country","Afghanistan","49","51","53","2013","pm25","PM25","Country","µg/m3"
22759,"country","Afghanistan","AFG","region","North Africa and Middle East","49","51","53","2013","pm25","PM25","GBD Regions","µg/m3"
5133,"country","Afghanistan","AFG","country","Afghanistan","48","49","51","2014","pm25","PM25","Country","µg/m3"
22757,"country","Afghanistan","AFG","region","North Africa and Middle East","48","49","51","2014","pm25","PM25","GBD Regions","µg/m3"
22750,"country","Afghanistan","AFG","region","North Africa and Middle East","60","62","64","2015","pm25","PM25","GBD Regions","µg/m3"
5126,"country","Afghanistan","AFG","country","Afghanistan","60","62","64","2015","pm25","PM25","Country","µg/m3"
5128,"country","Afghanistan","AFG","country","Afghanistan","61","63","65","2016","pm25","PM25","Country","µg/m3"
22752,"country","Afghanistan","AFG","region","North Africa and Middle East","61","63","65","2016","pm25","PM25","GBD Regions","µg/m3"
20953,"country","Albania","ALB","region","Central Europe","17","18","18","1990","pm25","PM25","GBD Regions","µg/m3"
20957,"country","Albania","ALB","region","Central Europe","14","15","16","1995","pm25","PM25","GBD Regions","µg/m3"
20954,"country","Albania","ALB","region","Central Europe","13","14","16","2000","pm25","PM25","GBD Regions","µg/m3"
20958,"country","Albania","ALB","region","Central Europe","11","12","13","2005","pm25","PM25","GBD Regions","µg/m3"
20960,"country","Albania","ALB","region","Central Europe","14","15","17","2010","pm25","PM25","GBD Regions","µg/m3"
20956,"country","Albania","ALB","region","Central Europe","13","15","16","2011","pm25","PM25","GBD Regions","µg/m3"
20950,"country","Albania","ALB","region","Central Europe","13","15","16","2012","pm25","PM25","GBD Regions","µg/m3"
20959,"country","Albania","ALB","region","Central Europe","14","16","17","2013","pm25","PM25","GBD Regions","µg/m3"
20952,"country","Albania","ALB","region","Central Europe","15","17","19","2014","pm25","PM25","GBD Regions","µg/m3"
20955,"country","Albania","ALB","region","Central Europe","13","15","17","2015","pm25","PM25","GBD Regions","µg/m3"
20951,"country","Albania","ALB","region","Central Europe","13","15","16","2016","pm25","PM25","GBD Regions","µg/m3"
22787,"country","Algeria","DZA","region","North Africa and Middle East","33","34","36","1990","pm25","PM25","GBD Regions","µg/m3"
22780,"country","Algeria","DZA","region","North Africa and Middle East","32","33","35","1995","pm25","PM25","GBD Regions","µg/m3"
22785,"country","Algeria","DZA","region","North Africa and Middle East","31","32","35","2000","pm25","PM25","GBD Regions","µg/m3"
22782,"country","Algeria","DZA","region","North Africa and Middle East","27","28","30","2005","pm25","PM25","GBD Regions","µg/m3"
22784,"country","Algeria","DZA","region","North Africa and Middle East","25","27","28","2010","pm25","PM25","GBD Regions","µg/m3"
22781,"country","Algeria","DZA","region","North Africa and Middle East","26","27","29","2011","pm25","PM25","GBD Regions","µg/m3"
22783,"country","Algeria","DZA","region","North Africa and Middle East","27","28","30","2012","pm25","PM25","GBD Regions","µg/m3"
22790,"country","Algeria","DZA","region","North Africa and Middle East","30","31","33","2013","pm25","PM25","GBD Regions","µg/m3"
22786,"country","Algeria","DZA","region","North Africa and Middle East","31","33","35","2014","pm25","PM25","GBD Regions","µg/m3"
22789,"country","Algeria","DZA","region","North Africa and Middle East","35","37","39","2015","pm25","PM25","GBD Regions","µg/m3"
22788,"country","Algeria","DZA","region","North Africa and Middle East","36","37","39","2016","pm25","PM25","GBD Regions","µg/m3"
20688,"country","Armenia","ARM","region","Central Asia","16","21","29","1990","pm25","PM25","GBD Regions","µg/m3"
20681,"country","Armenia","ARM","region","Central Asia","13","17","24","1995","pm25","PM25","GBD Regions","µg/m3"
20690,"country","Armenia","ARM","region","Central Asia","14","19","25","2000","pm25","PM25","GBD Regions","µg/m3"
20687,"country","Armenia","ARM","region","Central Asia","16","21","31","2005","pm25","PM25","GBD Regions","µg/m3"
20685,"country","Armenia","ARM","region","Central Asia","20","26","36","2010","pm25","PM25","GBD Regions","µg/m3"
20680,"country","Armenia","ARM","region","Central Asia","20","26","37","2011","pm25","PM25","GBD Regions","µg/m3"
20689,"country","Armenia","ARM","region","Central Asia","19","24","33","2012","pm25","PM25","GBD Regions","µg/m3"
20686,"country","Armenia","ARM","region","Central Asia","19","25","34","2013","pm25","PM25","GBD Regions","µg/m3"
20682,"country","Armenia","ARM","region","Central Asia","19","25","35","2014","pm25","PM25","GBD Regions","µg/m3"
20683,"country","Armenia","ARM","region","Central Asia","21","27","37","2015","pm25","PM25","GBD Regions","µg/m3"
20684,"country","Armenia","ARM","region","Central Asia","21","27","38","2016","pm25","PM25","GBD Regions","µg/m3"
20718,"country","Azerbaijan","AZE","region","Central Asia","25","27","29","1990","pm25","PM25","GBD Regions","µg/m3"
20714,"country","Azerbaijan","AZE","region","Central Asia","21","23","25","1995","pm25","PM25","GBD Regions","µg/m3"
20712,"country","Azerbaijan","AZE","region","Central Asia","21","24","28","2000","pm25","PM25","GBD Regions","µg/m3"
20719,"country","Azerbaijan","AZE","region","Central Asia","19","21","24","2005","pm25","PM25","GBD Regions","µg/m3"
20713,"country","Azerbaijan","AZE","region","Central Asia","23","26","30","2010","pm25","PM25","GBD Regions","µg/m3"
20720,"country","Azerbaijan","AZE","region","Central Asia","23","25","30","2011","pm25","PM25","GBD Regions","µg/m3"
20715,"country","Azerbaijan","AZE","region","Central Asia","22","25","28","2012","pm25","PM25","GBD Regions","µg/m3"
20710,"country","Azerbaijan","AZE","region","Central Asia","24","27","30","2013","pm25","PM25","GBD Regions","µg/m3"
20717,"country","Azerbaijan","AZE","region","Central Asia","25","28","33","2014","pm25","PM25","GBD Regions","µg/m3"
20711,"country","Azerbaijan","AZE","region","Central Asia","29","33","38","2015","pm25","PM25","GBD Regions","µg/m3"
20716,"country","Azerbaijan","AZE","region","Central Asia","29","33","39","2016","pm25","PM25","GBD Regions","µg/m3"
22818,"country","Bahrain","BHR","region","North Africa and Middle East","50","63","77","1990","pm25","PM25","GBD Regions","µg/m3"
22820,"country","Bahrain","BHR","region","North Africa and Middle East","50","62","76","1995","pm25","PM25","GBD Regions","µg/m3"
22814,"country","Bahrain","BHR","region","North Africa and Middle East","51","63","78","2000","pm25","PM25","GBD Regions","µg/m3"
22815,"country","Bahrain","BHR","region","North Africa and Middle East","43","53","64","2005","pm25","PM25","GBD Regions","µg/m3"
22819,"country","Bahrain","BHR","region","North Africa and Middle East","53","67","83","2010","pm25","PM25","GBD Regions","µg/m3"
22812,"country","Bahrain","BHR","region","North Africa and Middle East","50","63","79","2011","pm25","PM25","GBD Regions","µg/m3"
22813,"country","Bahrain","BHR","region","North Africa and Middle East","53","68","85","2012","pm25","PM25","GBD Regions","µg/m3"
22816,"country","Bahrain","BHR","region","North Africa and Middle East","52","67","83","2013","pm25","PM25","GBD Regions","µg/m3"
22811,"country","Bahrain","BHR","region","North Africa and Middle East","48","60","75","2014","pm25","PM25","GBD Regions","µg/m3"
22817,"country","Bahrain","BHR","region","North Africa and Middle East","63","79","99","2015","pm25","PM25","GBD Regions","µg/m3"
22810,"country","Bahrain","BHR","region","North Africa and Middle East","63","80","101","2016","pm25","PM25","GBD Regions","µg/m3"
23737,"country","Bangladesh","BGD","region","South Asia","63","64","65","1990","pm25","PM25","GBD Regions","µg/m3"
23735,"country","Bangladesh","BGD","region","South Asia","64","65","66","1995","pm25","PM25","GBD Regions","µg/m3"
23741,"country","Bangladesh","BGD","region","South Asia","64","65","67","2000","pm25","PM25","GBD Regions","µg/m3"
23740,"country","Bangladesh","BGD","region","South Asia","79","80","82","2005","pm25","PM25","GBD Regions","µg/m3"
23732,"country","Bangladesh","BGD","region","South Asia","81","82","84","2010","pm25","PM25","GBD Regions","µg/m3"
23738,"country","Bangladesh","BGD","region","South Asia","81","83","85","2011","pm25","PM25","GBD Regions","µg/m3"
23739,"country","Bangladesh","BGD","region","South Asia","81","83","85","2012","pm25","PM25","GBD Regions","µg/m3"
23734,"country","Bangladesh","BGD","region","South Asia","87","89","91","2013","pm25","PM25","GBD Regions","µg/m3"
23742,"country","Bangladesh","BGD","region","South Asia","85","87","89","2014","pm25","PM25","GBD Regions","µg/m3"
23736,"country","Bangladesh","BGD","region","South Asia","98","100","103","2015","pm25","PM25","GBD Regions","µg/m3"
23733,"country","Bangladesh","BGD","region","South Asia","99","101","104","2016","pm25","PM25","GBD Regions","µg/m3"
23770,"country","Bhutan","BTN","region","South Asia","39","41","43","1990","pm25","PM25","GBD Regions","µg/m3"
23767,"country","Bhutan","BTN","region","South Asia","39","41","43","1995","pm25","PM25","GBD Regions","µg/m3"
23765,"country","Bhutan","BTN","region","South Asia","39","41","43","2000","pm25","PM25","GBD Regions","µg/m3"
23772,"country","Bhutan","BTN","region","South Asia","48","51","54","2005","pm25","PM25","GBD Regions","µg/m3"
23769,"country","Bhutan","BTN","region","South Asia","47","50","53","2010","pm25","PM25","GBD Regions","µg/m3"
23762,"country","Bhutan","BTN","region","South Asia","46","49","52","2011","pm25","PM25","GBD Regions","µg/m3"
23768,"country","Bhutan","BTN","region","South Asia","47","50","53","2012","pm25","PM25","GBD Regions","µg/m3"
23771,"country","Bhutan","BTN","region","South Asia","52","54","58","2013","pm25","PM25","GBD Regions","µg/m3"
23766,"country","Bhutan","BTN","region","South Asia","51","54","57","2014","pm25","PM25","GBD Regions","µg/m3"
23763,"country","Bhutan","BTN","region","South Asia","53","56","59","2015","pm25","PM25","GBD Regions","µg/m3"
23764,"country","Bhutan","BTN","region","South Asia","53","56","59","2016","pm25","PM25","GBD Regions","µg/m3"
20983,"country","Bosnia and Herzegovina","BIH","region","Central Europe","45","47","48","1990","pm25","PM25","GBD Regions","µg/m3"
20989,"country","Bosnia and Herzegovina","BIH","region","Central Europe","37","38","39","1995","pm25","PM25","GBD Regions","µg/m3"
20984,"country","Bosnia and Herzegovina","BIH","region","Central Europe","36","38","40","2000","pm25","PM25","GBD Regions","µg/m3"
20985,"country","Bosnia and Herzegovina","BIH","region","Central Europe","34","35","38","2005","pm25","PM25","GBD Regions","µg/m3"
20990,"country","Bosnia and Herzegovina","BIH","region","Central Europe","36","38","41","2010","pm25","PM25","GBD Regions","µg/m3"
20980,"country","Bosnia and Herzegovina","BIH","region","Central Europe","35","37","40","2011","pm25","PM25","GBD Regions","µg/m3"
20988,"country","Bosnia and Herzegovina","BIH","region","Central Europe","36","38","41","2012","pm25","PM25","GBD Regions","µg/m3"
20981,"country","Bosnia and Herzegovina","BIH","region","Central Europe","39","42","45","2013","pm25","PM25","GBD Regions","µg/m3"
20986,"country","Bosnia and Herzegovina","BIH","region","Central Europe","42","44","47","2014","pm25","PM25","GBD Regions","µg/m3"
20982,"country","Bosnia and Herzegovina","BIH","region","Central Europe","38","40","42","2015","pm25","PM25","GBD Regions","µg/m3"
20987,"country","Bosnia and Herzegovina","BIH","region","Central Europe","37","39","42","2016","pm25","PM25","GBD Regions","µg/m3"
24372,"country","Botswana","BWA","region","Southern Sub-Saharan Africa","21","22","23","1990","pm25","PM25","GBD Regions","µg/m3"
24363,"country","Botswana","BWA","region","Southern Sub-Saharan Africa","20","21","23","1995","pm25","PM25","GBD Regions","µg/m3"
24369,"country","Botswana","BWA","region","Southern Sub-Saharan Africa","21","22","24","2000","pm25","PM25","GBD Regions","µg/m3"
24362,"country","Botswana","BWA","region","Southern Sub-Saharan Africa","20","22","24","2005","pm25","PM25","GBD Regions","µg/m3"
24366,"country","Botswana","BWA","region","Southern Sub-Saharan Africa","18","19","21","2010","pm25","PM25","GBD Regions","µg/m3"
24368,"country","Botswana","BWA","region","Southern Sub-Saharan Africa","18","20","22","2011","pm25","PM25","GBD Regions","µg/m3"
24370,"country","Botswana","BWA","region","Southern Sub-Saharan Africa","18","19","21","2012","pm25","PM25","GBD Regions","µg/m3"
24367,"country","Botswana","BWA","region","Southern Sub-Saharan Africa","17","19","20","2013","pm25","PM25","GBD Regions","µg/m3"
24371,"country","Botswana","BWA","region","Southern Sub-Saharan Africa","17","18","20","2014","pm25","PM25","GBD Regions","µg/m3"
24365,"country","Botswana","BWA","region","Southern Sub-Saharan Africa","21","23","25","2015","pm25","PM25","GBD Regions","µg/m3"
24364,"country","Botswana","BWA","region","Southern Sub-Saharan Africa","21","23","25","2016","pm25","PM25","GBD Regions","µg/m3"
21020,"country","Bulgaria","BGR","region","Central Europe","44","45","46","1990","pm25","PM25","GBD Regions","µg/m3"
21019,"country","Bulgaria","BGR","region","Central Europe","34","34","35","1995","pm25","PM25","GBD Regions","µg/m3"
21010,"country","Bulgaria","BGR","region","Central Europe","29","29","30","2000","pm25","PM25","GBD Regions","µg/m3"
21018,"country","Bulgaria","BGR","region","Central Europe","23","23","24","2005","pm25","PM25","GBD Regions","µg/m3"
21017,"country","Bulgaria","BGR","region","Central Europe","26","27","28","2010","pm25","PM25","GBD Regions","µg/m3"
21012,"country","Bulgaria","BGR","region","Central Europe","26","27","28","2011","pm25","PM25","GBD Regions","µg/m3"
21016,"country","Bulgaria","BGR","region","Central Europe","25","26","26","2012","pm25","PM25","GBD Regions","µg/m3"
21011,"country","Bulgaria","BGR","region","Central Europe","26","27","27","2013","pm25","PM25","GBD Regions","µg/m3"
21013,"country","Bulgaria","BGR","region","Central Europe","27","28","28","2014","pm25","PM25","GBD Regions","µg/m3"
21014,"country","Bulgaria","BGR","region","Central Europe","25","26","26","2015","pm25","PM25","GBD Regions","µg/m3"
21015,"country","Bulgaria","BGR","region","Central Europe","25","26","26","2016","pm25","PM25","GBD Regions","µg/m3"
22666,"country","Canada","CAN","region","High-income North America","8","8","8","1990","pm25","PM25","GBD Regions","µg/m3"
22660,"country","Canada","CAN","region","High-income North America","8","8","8","1995","pm25","PM25","GBD Regions","µg/m3"
22667,"country","Canada","CAN","region","High-income North America","8","8","8","2000","pm25","PM25","GBD Regions","µg/m3"
22663,"country","Canada","CAN","region","High-income North America","8","8","8","2005","pm25","PM25","GBD Regions","µg/m3"
22661,"country","Canada","CAN","region","High-income North America","7","7","7","2010","pm25","PM25","GBD Regions","µg/m3"
22664,"country","Canada","CAN","region","High-income North America","7","7","8","2011","pm25","PM25","GBD Regions","µg/m3"
22670,"country","Canada","CAN","region","High-income North America","7","7","7","2012","pm25","PM25","GBD Regions","µg/m3"
22665,"country","Canada","CAN","region","High-income North America","7","7","7","2013","pm25","PM25","GBD Regions","µg/m3"
22662,"country","Canada","CAN","region","High-income North America","7","7","7","2014","pm25","PM25","GBD Regions","µg/m3"
22668,"country","Canada","CAN","region","High-income North America","7","8","8","2015","pm25","PM25","GBD Regions","µg/m3"
22669,"country","Canada","CAN","region","High-income North America","7","8","8","2016","pm25","PM25","GBD Regions","µg/m3"
21799,"country","China","CHN","region","East Asia","48","48","49","1990","pm25","PM25","GBD Regions","µg/m3"
21791,"country","China","CHN","region","East Asia","49","50","50","1995","pm25","PM25","GBD Regions","µg/m3"
21795,"country","China","CHN","region","East Asia","51","52","52","2000","pm25","PM25","GBD Regions","µg/m3"
21798,"country","China","CHN","region","East Asia","57","57","57","2005","pm25","PM25","GBD Regions","µg/m3"
21792,"country","China","CHN","region","East Asia","58","58","58","2010","pm25","PM25","GBD Regions","µg/m3"
21794,"country","China","CHN","region","East Asia","57","57","57","2011","pm25","PM25","GBD Regions","µg/m3"
21793,"country","China","CHN","region","East Asia","57","57","58","2012","pm25","PM25","GBD Regions","µg/m3"
21797,"country","China","CHN","region","East Asia","57","57","57","2013","pm25","PM25","GBD Regions","µg/m3"
21800,"country","China","CHN","region","East Asia","58","58","58","2014","pm25","PM25","GBD Regions","µg/m3"
21790,"country","China","CHN","region","East Asia","56","56","57","2015","pm25","PM25","GBD Regions","µg/m3"
21796,"country","China","CHN","region","East Asia","56","56","57","2016","pm25","PM25","GBD Regions","µg/m3"
21341,"country","Colombia","COL","region","Central Latin America","21","21","22","1990","pm25","PM25","GBD Regions","µg/m3"
21346,"country","Colombia","COL","region","Central Latin America","20","20","21","1995","pm25","PM25","GBD Regions","µg/m3"
21347,"country","Colombia","COL","region","Central Latin America","20","20","21","2000","pm25","PM25","GBD Regions","µg/m3"
21345,"country","Colombia","COL","region","Central Latin America","21","22","22","2005","pm25","PM25","GBD Regions","µg/m3"
21344,"country","Colombia","COL","region","Central Latin America","16","17","17","2010","pm25","PM25","GBD Regions","µg/m3"
21348,"country","Colombia","COL","region","Central Latin America","17","18","18","2011","pm25","PM25","GBD Regions","µg/m3"
21349,"country","Colombia","COL","region","Central Latin America","17","17","18","2012","pm25","PM25","GBD Regions","µg/m3"
21350,"country","Colombia","COL","region","Central Latin America","18","18","19","2013","pm25","PM25","GBD Regions","µg/m3"
21342,"country","Colombia","COL","region","Central Latin America","17","18","18","2014","pm25","PM25","GBD Regions","µg/m3"
21343,"country","Colombia","COL","region","Central Latin America","17","17","18","2015","pm25","PM25","GBD Regions","µg/m3"
21340,"country","Colombia","COL","region","Central Latin America","17","17","18","2016","pm25","PM25","GBD Regions","µg/m3"
21374,"country","Costa Rica","CRI","region","Central Latin America","20","21","23","1990","pm25","PM25","GBD Regions","µg/m3"
21375,"country","Costa Rica","CRI","region","Central Latin America","20","21","22","1995","pm25","PM25","GBD Regions","µg/m3"
21378,"country","Costa Rica","CRI","region","Central Latin America","21","22","24","2000","pm25","PM25","GBD Regions","µg/m3"
21379,"country","Costa Rica","CRI","region","Central Latin America","19","21","22","2005","pm25","PM25","GBD Regions","µg/m3"
21370,"country","Costa Rica","CRI","region","Central Latin America","13","14","15","2010","pm25","PM25","GBD Regions","µg/m3"
21377,"country","Costa Rica","CRI","region","Central Latin America","14","15","16","2011","pm25","PM25","GBD Regions","µg/m3"
21376,"country","Costa Rica","CRI","region","Central Latin America","15","16","18","2012","pm25","PM25","GBD Regions","µg/m3"
21380,"country","Costa Rica","CRI","region","Central Latin America","17","19","20","2013","pm25","PM25","GBD Regions","µg/m3"
21372,"country","Costa Rica","CRI","region","Central Latin America","17","18","20","2014","pm25","PM25","GBD Regions","µg/m3"
21371,"country","Costa Rica","CRI","region","Central Latin America","17","19","20","2015","pm25","PM25","GBD Regions","µg/m3"
21373,"country","Costa Rica","CRI","region","Central Latin America","17","19","20","2016","pm25","PM25","GBD Regions","µg/m3"
21043,"country","Croatia","HRV","region","Central Europe","23","25","27","1990","pm25","PM25","GBD Regions","µg/m3"
21048,"country","Croatia","HRV","region","Central Europe","19","20","22","1995","pm25","PM25","GBD Regions","µg/m3"
21047,"country","Croatia","HRV","region","Central Europe","17","18","19","2000","pm25","PM25","GBD Regions","µg/m3"
21042,"country","Croatia","HRV","region","Central Europe","17","18","18","2005","pm25","PM25","GBD Regions","µg/m3"
21044,"country","Croatia","HRV","region","Central Europe","17","18","18","2010","pm25","PM25","GBD Regions","µg/m3"
21045,"country","Croatia","HRV","region","Central Europe","16","17","18","2011","pm25","PM25","GBD Regions","µg/m3"
21040,"country","Croatia","HRV","region","Central Europe","17","17","18","2012","pm25","PM25","GBD Regions","µg/m3"
21049,"country","Croatia","HRV","region","Central Europe","18","19","19","2013","pm25","PM25","GBD Regions","µg/m3"
21046,"country","Croatia","HRV","region","Central Europe","19","20","21","2014","pm25","PM25","GBD Regions","µg/m3"
21050,"country","Croatia","HRV","region","Central Europe","19","20","21","2015","pm25","PM25","GBD Regions","µg/m3"
21041,"country","Croatia","HRV","region","Central Europe","19","20","21","2016","pm25","PM25","GBD Regions","µg/m3"
21073,"country","Czech Republic","CZE","region","Central Europe","36","37","38","1990","pm25","PM25","GBD Regions","µg/m3"
21072,"country","Czech Republic","CZE","region","Central Europe","26","27","27","1995","pm25","PM25","GBD Regions","µg/m3"
21071,"country","Czech Republic","CZE","region","Central Europe","21","21","21","2000","pm25","PM25","GBD Regions","µg/m3"
21080,"country","Czech Republic","CZE","region","Central Europe","19","19","20","2005","pm25","PM25","GBD Regions","µg/m3"
21078,"country","Czech Republic","CZE","region","Central Europe","20","20","21","2010","pm25","PM25","GBD Regions","µg/m3"
21070,"country","Czech Republic","CZE","region","Central Europe","19","20","20","2011","pm25","PM25","GBD Regions","µg/m3"
21076,"country","Czech Republic","CZE","region","Central Europe","18","19","19","2012","pm25","PM25","GBD Regions","µg/m3"
21077,"country","Czech Republic","CZE","region","Central Europe","19","20","20","2013","pm25","PM25","GBD Regions","µg/m3"
21074,"country","Czech Republic","CZE","region","Central Europe","20","21","21","2014","pm25","PM25","GBD Regions","µg/m3"
21075,"country","Czech Republic","CZE","region","Central Europe","19","19","20","2015","pm25","PM25","GBD Regions","µg/m3"
21079,"country","Czech Republic","CZE","region","Central Europe","19","19","20","2016","pm25","PM25","GBD Regions","µg/m3"
22848,"country","Egypt","EGY","region","North Africa and Middle East","72","76","80","1990","pm25","PM25","GBD Regions","µg/m3"
22844,"country","Egypt","EGY","region","North Africa and Middle East","69","72","77","1995","pm25","PM25","GBD Regions","µg/m3"
22840,"country","Egypt","EGY","region","North Africa and Middle East","69","73","79","2000","pm25","PM25","GBD Regions","µg/m3"
22847,"country","Egypt","EGY","region","North Africa and Middle East","75","79","85","2005","pm25","PM25","GBD Regions","µg/m3"
22850,"country","Egypt","EGY","region","North Africa and Middle East","85","90","97","2010","pm25","PM25","GBD Regions","µg/m3"
22843,"country","Egypt","EGY","region","North Africa and Middle East","84","89","95","2011","pm25","PM25","GBD Regions","µg/m3"
22849,"country","Egypt","EGY","region","North Africa and Middle East","83","88","96","2012","pm25","PM25","GBD Regions","µg/m3"
22842,"country","Egypt","EGY","region","North Africa and Middle East","89","95","102","2013","pm25","PM25","GBD Regions","µg/m3"
22846,"country","Egypt","EGY","region","North Africa and Middle East","93","99","106","2014","pm25","PM25","GBD Regions","µg/m3"
22845,"country","Egypt","EGY","region","North Africa and Middle East","117","125","134","2015","pm25","PM25","GBD Regions","µg/m3"
22841,"country","Egypt","EGY","region","North Africa and Middle East","118","126","136","2016","pm25","PM25","GBD Regions","µg/m3"
21405,"country","El Salvador","SLV","region","Central Latin America","36","39","43","1990","pm25","PM25","GBD Regions","µg/m3"
21403,"country","El Salvador","SLV","region","Central Latin America","37","40","44","1995","pm25","PM25","GBD Regions","µg/m3"
21408,"country","El Salvador","SLV","region","Central Latin America","39","43","47","2000","pm25","PM25","GBD Regions","µg/m3"
21400,"country","El Salvador","SLV","region","Central Latin America","36","39","42","2005","pm25","PM25","GBD Regions","µg/m3"
21401,"country","El Salvador","SLV","region","Central Latin America","29","31","34","2010","pm25","PM25","GBD Regions","µg/m3"
21402,"country","El Salvador","SLV","region","Central Latin America","31","33","36","2011","pm25","PM25","GBD Regions","µg/m3"
21406,"country","El Salvador","SLV","region","Central Latin America","35","38","41","2012","pm25","PM25","GBD Regions","µg/m3"
21407,"country","El Salvador","SLV","region","Central Latin America","34","37","40","2013","pm25","PM25","GBD Regions","µg/m3"
21409,"country","El Salvador","SLV","region","Central Latin America","34","37","40","2014","pm25","PM25","GBD Regions","µg/m3"
21404,"country","El Salvador","SLV","region","Central Latin America","31","34","36","2015","pm25","PM25","GBD Regions","µg/m3"
21410,"country","El Salvador","SLV","region","Central Latin America","31","33","36","2016","pm25","PM25","GBD Regions","µg/m3"
20742,"country","Georgia","GEO","region","Central Asia","17","18","20","1990","pm25","PM25","GBD Regions","µg/m3"
20747,"country","Georgia","GEO","region","Central Asia","14","15","16","1995","pm25","PM25","GBD Regions","µg/m3"
20749,"country","Georgia","GEO","region","Central Asia","15","16","17","2000","pm25","PM25","GBD Regions","µg/m3"
20744,"country","Georgia","GEO","region","Central Asia","15","17","18","2005","pm25","PM25","GBD Regions","µg/m3"
20740,"country","Georgia","GEO","region","Central Asia","19","20","22","2010","pm25","PM25","GBD Regions","µg/m3"
20746,"country","Georgia","GEO","region","Central Asia","18","20","22","2011","pm25","PM25","GBD Regions","µg/m3"
20741,"country","Georgia","GEO","region","Central Asia","17","18","20","2012","pm25","PM25","GBD Regions","µg/m3"
20743,"country","Georgia","GEO","region","Central Asia","18","19","21","2013","pm25","PM25","GBD Regions","µg/m3"
20750,"country","Georgia","GEO","region","Central Asia","18","20","22","2014","pm25","PM25","GBD Regions","µg/m3"
20745,"country","Georgia","GEO","region","Central Asia","19","21","23","2015","pm25","PM25","GBD Regions","µg/m3"
20748,"country","Georgia","GEO","region","Central Asia","19","21","23","2016","pm25","PM25","GBD Regions","µg/m3"
22696,"country","Greenland","GRL","region","High-income North America","5","6","7","1990","pm25","PM25","GBD Regions","µg/m3"
22700,"country","Greenland","GRL","region","High-income North America","5","6","7","1995","pm25","PM25","GBD Regions","µg/m3"
22693,"country","Greenland","GRL","region","High-income North America","5","6","7","2000","pm25","PM25","GBD Regions","µg/m3"
22699,"country","Greenland","GRL","region","High-income North America","5","6","6","2005","pm25","PM25","GBD Regions","µg/m3"
22690,"country","Greenland","GRL","region","High-income North America","4","5","6","2010","pm25","PM25","GBD Regions","µg/m3"
22691,"country","Greenland","GRL","region","High-income North America","4","5","6","2011","pm25","PM25","GBD Regions","µg/m3"
22697,"country","Greenland","GRL","region","High-income North America","4","5","6","2012","pm25","PM25","GBD Regions","µg/m3"
22692,"country","Greenland","GRL","region","High-income North America","5","5","6","2013","pm25","PM25","GBD Regions","µg/m3"
22694,"country","Greenland","GRL","region","High-income North America","5","5","6","2014","pm25","PM25","GBD Regions","µg/m3"
22695,"country","Greenland","GRL","region","High-income North America","4","4","5","2015","pm25","PM25","GBD Regions","µg/m3"
22698,"country","Greenland","GRL","region","High-income North America","4","4","5","2016","pm25","PM25","GBD Regions","µg/m3"
21438,"country","Guatemala","GTM","region","Central Latin America","34","35","37","1990","pm25","PM25","GBD Regions","µg/m3"
21436,"country","Guatemala","GTM","region","Central Latin America","35","36","37","1995","pm25","PM25","GBD Regions","µg/m3"
21431,"country","Guatemala","GTM","region","Central Latin America","37","39","40","2000","pm25","PM25","GBD Regions","µg/m3"
21437,"country","Guatemala","GTM","region","Central Latin America","36","37","39","2005","pm25","PM25","GBD Regions","µg/m3"
21434,"country","Guatemala","GTM","region","Central Latin America","28","29","30","2010","pm25","PM25","GBD Regions","µg/m3"
21439,"country","Guatemala","GTM","region","Central Latin America","28","29","30","2011","pm25","PM25","GBD Regions","µg/m3"
21430,"country","Guatemala","GTM","region","Central Latin America","32","33","34","2012","pm25","PM25","GBD Regions","µg/m3"
21440,"country","Guatemala","GTM","region","Central Latin America","32","33","34","2013","pm25","PM25","GBD Regions","µg/m3"
21433,"country","Guatemala","GTM","region","Central Latin America","32","33","34","2014","pm25","PM25","GBD Regions","µg/m3"
21432,"country","Guatemala","GTM","region","Central Latin America","28","29","30","2015","pm25","PM25","GBD Regions","µg/m3"
21435,"country","Guatemala","GTM","region","Central Latin America","28","29","29","2016","pm25","PM25","GBD Regions","µg/m3"
21465,"country","Honduras","HND","region","Central Latin America","34","36","38","1990","pm25","PM25","GBD Regions","µg/m3"
21464,"country","Honduras","HND","region","Central Latin America","34","36","38","1995","pm25","PM25","GBD Regions","µg/m3"
21461,"country","Honduras","HND","region","Central Latin America","35","37","40","2000","pm25","PM25","GBD Regions","µg/m3"
21467,"country","Honduras","HND","region","Central Latin America","38","40","43","2005","pm25","PM25","GBD Regions","µg/m3"
21460,"country","Honduras","HND","region","Central Latin America","30","32","34","2010","pm25","PM25","GBD Regions","µg/m3"
21463,"country","Honduras","HND","region","Central Latin America","32","34","36","2011","pm25","PM25","GBD Regions","µg/m3"
21468,"country","Honduras","HND","region","Central Latin America","37","39","42","2012","pm25","PM25","GBD Regions","µg/m3"
21462,"country","Honduras","HND","region","Central Latin America","35","37","40","2013","pm25","PM25","GBD Regions","µg/m3"
21466,"country","Honduras","HND","region","Central Latin America","35","37","40","2014","pm25","PM25","GBD Regions","µg/m3"
21470,"country","Honduras","HND","region","Central Latin America","28","30","32","2015","pm25","PM25","GBD Regions","µg/m3"
21469,"country","Honduras","HND","region","Central Latin America","28","29","31","2016","pm25","PM25","GBD Regions","µg/m3"
21110,"country","Hungary","HUN","region","Central Europe","37","38","40","1990","pm25","PM25","GBD Regions","µg/m3"
21105,"country","Hungary","HUN","region","Central Europe","28","29","29","1995","pm25","PM25","GBD Regions","µg/m3"
21100,"country","Hungary","HUN","region","Central Europe","24","24","25","2000","pm25","PM25","GBD Regions","µg/m3"
21104,"country","Hungary","HUN","region","Central Europe","21","22","22","2005","pm25","PM25","GBD Regions","µg/m3"
21107,"country","Hungary","HUN","region","Central Europe","22","23","24","2010","pm25","PM25","GBD Regions","µg/m3"
21103,"country","Hungary","HUN","region","Central Europe","21","22","22","2011","pm25","PM25","GBD Regions","µg/m3"
21101,"country","Hungary","HUN","region","Central Europe","20","21","21","2012","pm25","PM25","GBD Regions","µg/m3"
21108,"country","Hungary","HUN","region","Central Europe","20","21","22","2013","pm25","PM25","GBD Regions","µg/m3"
21109,"country","Hungary","HUN","region","Central Europe","21","22","23","2014","pm25","PM25","GBD Regions","µg/m3"
21106,"country","Hungary","HUN","region","Central Europe","24","24","25","2015","pm25","PM25","GBD Regions","µg/m3"
21102,"country","Hungary","HUN","region","Central Europe","24","25","25","2016","pm25","PM25","GBD Regions","µg/m3"
23797,"country","India","IND","region","South Asia","60","60","60","1990","pm25","PM25","GBD Regions","µg/m3"
23802,"country","India","IND","region","South Asia","60","61","61","1995","pm25","PM25","GBD Regions","µg/m3"
23794,"country","India","IND","region","South Asia","61","61","62","2000","pm25","PM25","GBD Regions","µg/m3"
23795,"country","India","IND","region","South Asia","65","66","66","2005","pm25","PM25","GBD Regions","µg/m3"
23798,"country","India","IND","region","South Asia","64","65","65","2010","pm25","PM25","GBD Regions","µg/m3"
23793,"country","India","IND","region","South Asia","63","64","64","2011","pm25","PM25","GBD Regions","µg/m3"
23796,"country","India","IND","region","South Asia","66","66","66","2012","pm25","PM25","GBD Regions","µg/m3"
23792,"country","India","IND","region","South Asia","69","69","69","2013","pm25","PM25","GBD Regions","µg/m3"
23800,"country","India","IND","region","South Asia","71","72","72","2014","pm25","PM25","GBD Regions","µg/m3"
23801,"country","India","IND","region","South Asia","75","76","76","2015","pm25","PM25","GBD Regions","µg/m3"
23799,"country","India","IND","region","South Asia","75","76","76","2016","pm25","PM25","GBD Regions","µg/m3"
22879,"country","Iran","IRN","region","North Africa and Middle East","49","49","50","1990","pm25","PM25","GBD Regions","µg/m3"
22874,"country","Iran","IRN","region","North Africa and Middle East","47","47","48","1995","pm25","PM25","GBD Regions","µg/m3"
22873,"country","Iran","IRN","region","North Africa and Middle East","47","48","49","2000","pm25","PM25","GBD Regions","µg/m3"
22872,"country","Iran","IRN","region","North Africa and Middle East","37","37","38","2005","pm25","PM25","GBD Regions","µg/m3"
22871,"country","Iran","IRN","region","North Africa and Middle East","48","48","49","2010","pm25","PM25","GBD Regions","µg/m3"
22870,"country","Iran","IRN","region","North Africa and Middle East","46","47","47","2011","pm25","PM25","GBD Regions","µg/m3"
22875,"country","Iran","IRN","region","North Africa and Middle East","45","45","46","2012","pm25","PM25","GBD Regions","µg/m3"
22880,"country","Iran","IRN","region","North Africa and Middle East","44","45","45","2013","pm25","PM25","GBD Regions","µg/m3"
22876,"country","Iran","IRN","region","North Africa and Middle East","43","44","44","2014","pm25","PM25","GBD Regions","µg/m3"
22877,"country","Iran","IRN","region","North Africa and Middle East","48","49","49","2015","pm25","PM25","GBD Regions","µg/m3"
22878,"country","Iran","IRN","region","North Africa and Middle East","48","49","49","2016","pm25","PM25","GBD Regions","µg/m3"
22907,"country","Iraq","IRQ","region","North Africa and Middle East","49","51","54","1990","pm25","PM25","GBD Regions","µg/m3"
22906,"country","Iraq","IRQ","region","North Africa and Middle East","48","50","52","1995","pm25","PM25","GBD Regions","µg/m3"
22901,"country","Iraq","IRQ","region","North Africa and Middle East","48","51","55","2000","pm25","PM25","GBD Regions","µg/m3"
22903,"country","Iraq","IRQ","region","North Africa and Middle East","52","55","59","2005","pm25","PM25","GBD Regions","µg/m3"
22910,"country","Iraq","IRQ","region","North Africa and Middle East","85","91","98","2010","pm25","PM25","GBD Regions","µg/m3"
22902,"country","Iraq","IRQ","region","North Africa and Middle East","78","84","91","2011","pm25","PM25","GBD Regions","µg/m3"
22900,"country","Iraq","IRQ","region","North Africa and Middle East","74","79","85","2012","pm25","PM25","GBD Regions","µg/m3"
22908,"country","Iraq","IRQ","region","North Africa and Middle East","62","66","71","2013","pm25","PM25","GBD Regions","µg/m3"
22905,"country","Iraq","IRQ","region","North Africa and Middle East","56","59","63","2014","pm25","PM25","GBD Regions","µg/m3"
22904,"country","Iraq","IRQ","region","North Africa and Middle East","68","72","77","2015","pm25","PM25","GBD Regions","µg/m3"
22909,"country","Iraq","IRQ","region","North Africa and Middle East","69","73","79","2016","pm25","PM25","GBD Regions","µg/m3"
22939,"country","Jordan","JOR","region","North Africa and Middle East","30","32","34","1990","pm25","PM25","GBD Regions","µg/m3"
22938,"country","Jordan","JOR","region","North Africa and Middle East","28","30","33","1995","pm25","PM25","GBD Regions","µg/m3"
22935,"country","Jordan","JOR","region","North Africa and Middle East","28","30","32","2000","pm25","PM25","GBD Regions","µg/m3"
22934,"country","Jordan","JOR","region","North Africa and Middle East","27","29","31","2005","pm25","PM25","GBD Regions","µg/m3"
22931,"country","Jordan","JOR","region","North Africa and Middle East","34","36","38","2010","pm25","PM25","GBD Regions","µg/m3"
22940,"country","Jordan","JOR","region","North Africa and Middle East","33","35","37","2011","pm25","PM25","GBD Regions","µg/m3"
22937,"country","Jordan","JOR","region","North Africa and Middle East","33","35","37","2012","pm25","PM25","GBD Regions","µg/m3"
22933,"country","Jordan","JOR","region","North Africa and Middle East","33","35","38","2013","pm25","PM25","GBD Regions","µg/m3"
22930,"country","Jordan","JOR","region","North Africa and Middle East","35","37","39","2014","pm25","PM25","GBD Regions","µg/m3"
22932,"country","Jordan","JOR","region","North Africa and Middle East","35","37","39","2015","pm25","PM25","GBD Regions","µg/m3"
22936,"country","Jordan","JOR","region","North Africa and Middle East","35","37","40","2016","pm25","PM25","GBD Regions","µg/m3"
20771,"country","Kazakhstan","KAZ","region","Central Asia","19","20","22","1990","pm25","PM25","GBD Regions","µg/m3"
20772,"country","Kazakhstan","KAZ","region","Central Asia","15","16","18","1995","pm25","PM25","GBD Regions","µg/m3"
20780,"country","Kazakhstan","KAZ","region","Central Asia","16","17","18","2000","pm25","PM25","GBD Regions","µg/m3"
20776,"country","Kazakhstan","KAZ","region","Central Asia","14","15","16","2005","pm25","PM25","GBD Regions","µg/m3"
20779,"country","Kazakhstan","KAZ","region","Central Asia","16","17","19","2010","pm25","PM25","GBD Regions","µg/m3"
20770,"country","Kazakhstan","KAZ","region","Central Asia","16","17","19","2011","pm25","PM25","GBD Regions","µg/m3"
20777,"country","Kazakhstan","KAZ","region","Central Asia","17","18","20","2012","pm25","PM25","GBD Regions","µg/m3"
20774,"country","Kazakhstan","KAZ","region","Central Asia","17","18","20","2013","pm25","PM25","GBD Regions","µg/m3"
20773,"country","Kazakhstan","KAZ","region","Central Asia","18","19","21","2014","pm25","PM25","GBD Regions","µg/m3"
20775,"country","Kazakhstan","KAZ","region","Central Asia","18","20","21","2015","pm25","PM25","GBD Regions","µg/m3"
20778,"country","Kazakhstan","KAZ","region","Central Asia","18","20","22","2016","pm25","PM25","GBD Regions","µg/m3"
22969,"country","Kuwait","KWT","region","North Africa and Middle East","58","65","73","1990","pm25","PM25","GBD Regions","µg/m3"
22965,"country","Kuwait","KWT","region","North Africa and Middle East","56","63","71","1995","pm25","PM25","GBD Regions","µg/m3"
22966,"country","Kuwait","KWT","region","North Africa and Middle East","58","66","75","2000","pm25","PM25","GBD Regions","µg/m3"
22961,"country","Kuwait","KWT","region","North Africa and Middle East","57","66","76","2005","pm25","PM25","GBD Regions","µg/m3"
22960,"country","Kuwait","KWT","region","North Africa and Middle East","93","105","119","2010","pm25","PM25","GBD Regions","µg/m3"
22967,"country","Kuwait","KWT","region","North Africa and Middle East","90","103","117","2011","pm25","PM25","GBD Regions","µg/m3"
22962,"country","Kuwait","KWT","region","North Africa and Middle East","91","104","119","2012","pm25","PM25","GBD Regions","µg/m3"
22968,"country","Kuwait","KWT","region","North Africa and Middle East","76","87","100","2013","pm25","PM25","GBD Regions","µg/m3"
22970,"country","Kuwait","KWT","region","North Africa and Middle East","68","77","88","2014","pm25","PM25","GBD Regions","µg/m3"
22964,"country","Kuwait","KWT","region","North Africa and Middle East","96","109","125","2015","pm25","PM25","GBD Regions","µg/m3"
22963,"country","Kuwait","KWT","region","North Africa and Middle East","96","111","129","2016","pm25","PM25","GBD Regions","µg/m3"
20807,"country","Kyrgyzstan","KGZ","region","Central Asia","16","17","18","1990","pm25","PM25","GBD Regions","µg/m3"
20809,"country","Kyrgyzstan","KGZ","region","Central Asia","14","15","16","1995","pm25","PM25","GBD Regions","µg/m3"
20806,"country","Kyrgyzstan","KGZ","region","Central Asia","14","15","16","2000","pm25","PM25","GBD Regions","µg/m3"
20810,"country","Kyrgyzstan","KGZ","region","Central Asia","14","15","16","2005","pm25","PM25","GBD Regions","µg/m3"
20803,"country","Kyrgyzstan","KGZ","region","Central Asia","15","16","17","2010","pm25","PM25","GBD Regions","µg/m3"
20800,"country","Kyrgyzstan","KGZ","region","Central Asia","15","16","17","2011","pm25","PM25","GBD Regions","µg/m3"
20802,"country","Kyrgyzstan","KGZ","region","Central Asia","15","16","18","2012","pm25","PM25","GBD Regions","µg/m3"
20808,"country","Kyrgyzstan","KGZ","region","Central Asia","15","16","17","2013","pm25","PM25","GBD Regions","µg/m3"
20805,"country","Kyrgyzstan","KGZ","region","Central Asia","16","17","18","2014","pm25","PM25","GBD Regions","µg/m3"
20804,"country","Kyrgyzstan","KGZ","region","Central Asia","17","18","19","2015","pm25","PM25","GBD Regions","µg/m3"
20801,"country","Kyrgyzstan","KGZ","region","Central Asia","17","18","19","2016","pm25","PM25","GBD Regions","µg/m3"
22999,"country","Lebanon","LBN","region","North Africa and Middle East","23","25","27","1990","pm25","PM25","GBD Regions","µg/m3"
22997,"country","Lebanon","LBN","region","North Africa and Middle East","22","23","25","1995","pm25","PM25","GBD Regions","µg/m3"
22991,"country","Lebanon","LBN","region","North Africa and Middle East","22","25","27","2000","pm25","PM25","GBD Regions","µg/m3"
22996,"country","Lebanon","LBN","region","North Africa and Middle East","22","25","27","2005","pm25","PM25","GBD Regions","µg/m3"
22998,"country","Lebanon","LBN","region","North Africa and Middle East","26","28","32","2010","pm25","PM25","GBD Regions","µg/m3"
22993,"country","Lebanon","LBN","region","North Africa and Middle East","25","28","31","2011","pm25","PM25","GBD Regions","µg/m3"
22992,"country","Lebanon","LBN","region","North Africa and Middle East","24","27","30","2012","pm25","PM25","GBD Regions","µg/m3"
23000,"country","Lebanon","LBN","region","North Africa and Middle East","26","29","32","2013","pm25","PM25","GBD Regions","µg/m3"
22995,"country","Lebanon","LBN","region","North Africa and Middle East","27","30","34","2014","pm25","PM25","GBD Regions","µg/m3"
22990,"country","Lebanon","LBN","region","North Africa and Middle East","29","32","36","2015","pm25","PM25","GBD Regions","µg/m3"
22994,"country","Lebanon","LBN","region","North Africa and Middle East","29","33","37","2016","pm25","PM25","GBD Regions","µg/m3"
24396,"country","Lesotho","LSO","region","Southern Sub-Saharan Africa","23","25","28","1990","pm25","PM25","GBD Regions","µg/m3"
24402,"country","Lesotho","LSO","region","Southern Sub-Saharan Africa","23","26","30","1995","pm25","PM25","GBD Regions","µg/m3"
24398,"country","Lesotho","LSO","region","Southern Sub-Saharan Africa","23","28","36","2000","pm25","PM25","GBD Regions","µg/m3"
24393,"country","Lesotho","LSO","region","Southern Sub-Saharan Africa","22","26","35","2005","pm25","PM25","GBD Regions","µg/m3"
24395,"country","Lesotho","LSO","region","Southern Sub-Saharan Africa","18","22","30","2010","pm25","PM25","GBD Regions","µg/m3"
24399,"country","Lesotho","LSO","region","Southern Sub-Saharan Africa","18","22","29","2011","pm25","PM25","GBD Regions","µg/m3"
24392,"country","Lesotho","LSO","region","Southern Sub-Saharan Africa","18","22","29","2012","pm25","PM25","GBD Regions","µg/m3"
24397,"country","Lesotho","LSO","region","Southern Sub-Saharan Africa","19","23","30","2013","pm25","PM25","GBD Regions","µg/m3"
24400,"country","Lesotho","LSO","region","Southern Sub-Saharan Africa","19","24","32","2014","pm25","PM25","GBD Regions","µg/m3"
24401,"country","Lesotho","LSO","region","Southern Sub-Saharan Africa","22","26","35","2015","pm25","PM25","GBD Regions","µg/m3"
24394,"country","Lesotho","LSO","region","Southern Sub-Saharan Africa","22","27","36","2016","pm25","PM25","GBD Regions","µg/m3"
23027,"country","Libya","LBY","region","North Africa and Middle East","53","57","60","1990","pm25","PM25","GBD Regions","µg/m3"
23029,"country","Libya","LBY","region","North Africa and Middle East","51","54","58","1995","pm25","PM25","GBD Regions","µg/m3"
23024,"country","Libya","LBY","region","North Africa and Middle East","51","54","59","2000","pm25","PM25","GBD Regions","µg/m3"
23022,"country","Libya","LBY","region","North Africa and Middle East","50","54","58","2005","pm25","PM25","GBD Regions","µg/m3"
23020,"country","Libya","LBY","region","North Africa and Middle East","63","67","73","2010","pm25","PM25","GBD Regions","µg/m3"
23028,"country","Libya","LBY","region","North Africa and Middle East","57","61","67","2011","pm25","PM25","GBD Regions","µg/m3"
23021,"country","Libya","LBY","region","North Africa and Middle East","55","58","64","2012","pm25","PM25","GBD Regions","µg/m3"
23030,"country","Libya","LBY","region","North Africa and Middle East","60","64","70","2013","pm25","PM25","GBD Regions","µg/m3"
23026,"country","Libya","LBY","region","North Africa and Middle East","66","71","77","2014","pm25","PM25","GBD Regions","µg/m3"
23025,"country","Libya","LBY","region","North Africa and Middle East","61","64","69","2015","pm25","PM25","GBD Regions","µg/m3"
23023,"country","Libya","LBY","region","North Africa and Middle East","60","64","68","2016","pm25","PM25","GBD Regions","µg/m3"
21140,"country","Macedonia","MKD","region","Central Europe","48","51","55","1990","pm25","PM25","GBD Regions","µg/m3"
21133,"country","Macedonia","MKD","region","Central Europe","39","41","44","1995","pm25","PM25","GBD Regions","µg/m3"
21131,"country","Macedonia","MKD","region","Central Europe","34","36","37","2000","pm25","PM25","GBD Regions","µg/m3"
21139,"country","Macedonia","MKD","region","Central Europe","28","29","30","2005","pm25","PM25","GBD Regions","µg/m3"
21130,"country","Macedonia","MKD","region","Central Europe","33","35","36","2010","pm25","PM25","GBD Regions","µg/m3"
21136,"country","Macedonia","MKD","region","Central Europe","33","35","37","2011","pm25","PM25","GBD Regions","µg/m3"
21134,"country","Macedonia","MKD","region","Central Europe","32","34","36","2012","pm25","PM25","GBD Regions","µg/m3"
21132,"country","Macedonia","MKD","region","Central Europe","35","37","38","2013","pm25","PM25","GBD Regions","µg/m3"
21138,"country","Macedonia","MKD","region","Central Europe","37","38","40","2014","pm25","PM25","GBD Regions","µg/m3"
21135,"country","Macedonia","MKD","region","Central Europe","31","32","34","2015","pm25","PM25","GBD Regions","µg/m3"
21137,"country","Macedonia","MKD","region","Central Europe","30","32","34","2016","pm25","PM25","GBD Regions","µg/m3"
21497,"country","Mexico","MEX","region","Central Latin America","24","25","25","1990","pm25","PM25","GBD Regions","µg/m3"
21490,"country","Mexico","MEX","region","Central Latin America","26","27","27","1995","pm25","PM25","GBD Regions","µg/m3"
21492,"country","Mexico","MEX","region","Central Latin America","28","29","30","2000","pm25","PM25","GBD Regions","µg/m3"
21499,"country","Mexico","MEX","region","Central Latin America","25","26","27","2005","pm25","PM25","GBD Regions","µg/m3"
21496,"country","Mexico","MEX","region","Central Latin America","20","20","21","2010","pm25","PM25","GBD Regions","µg/m3"
21498,"country","Mexico","MEX","region","Central Latin America","20","21","21","2011","pm25","PM25","GBD Regions","µg/m3"
21493,"country","Mexico","MEX","region","Central Latin America","21","22","22","2012","pm25","PM25","GBD Regions","µg/m3"
21494,"country","Mexico","MEX","region","Central Latin America","20","21","21","2013","pm25","PM25","GBD Regions","µg/m3"
21495,"country","Mexico","MEX","region","Central Latin America","20","20","21","2014","pm25","PM25","GBD Regions","µg/m3"
21491,"country","Mexico","MEX","region","Central Latin America","18","19","19","2015","pm25","PM25","GBD Regions","µg/m3"
21500,"country","Mexico","MEX","region","Central Latin America","18","19","19","2016","pm25","PM25","GBD Regions","µg/m3"
20832,"country","Mongolia","MNG","region","Central Asia","17","18","18","1990","pm25","PM25","GBD Regions","µg/m3"
20836,"country","Mongolia","MNG","region","Central Asia","16","16","17","1995","pm25","PM25","GBD Regions","µg/m3"
20837,"country","Mongolia","MNG","region","Central Asia","18","19","20","2000","pm25","PM25","GBD Regions","µg/m3"
20838,"country","Mongolia","MNG","region","Central Asia","17","18","20","2005","pm25","PM25","GBD Regions","µg/m3"
20833,"country","Mongolia","MNG","region","Central Asia","19","20","22","2010","pm25","PM25","GBD Regions","µg/m3"
20839,"country","Mongolia","MNG","region","Central Asia","19","20","22","2011","pm25","PM25","GBD Regions","µg/m3"
20834,"country","Mongolia","MNG","region","Central Asia","20","22","23","2012","pm25","PM25","GBD Regions","µg/m3"
20840,"country","Mongolia","MNG","region","Central Asia","21","22","24","2013","pm25","PM25","GBD Regions","µg/m3"
20831,"country","Mongolia","MNG","region","Central Asia","21","23","25","2014","pm25","PM25","GBD Regions","µg/m3"
20835,"country","Mongolia","MNG","region","Central Asia","27","29","31","2015","pm25","PM25","GBD Regions","µg/m3"
20830,"country","Mongolia","MNG","region","Central Asia","28","30","32","2016","pm25","PM25","GBD Regions","µg/m3"
21165,"country","Montenegro","MNE","region","Central Europe","23","24","25","1990","pm25","PM25","GBD Regions","µg/m3"
21164,"country","Montenegro","MNE","region","Central Europe","19","20","21","1995","pm25","PM25","GBD Regions","µg/m3"
21163,"country","Montenegro","MNE","region","Central Europe","18","19","19","2000","pm25","PM25","GBD Regions","µg/m3"
21167,"country","Montenegro","MNE","region","Central Europe","16","17","18","2005","pm25","PM25","GBD Regions","µg/m3"
21166,"country","Montenegro","MNE","region","Central Europe","20","21","22","2010","pm25","PM25","GBD Regions","µg/m3"
21160,"country","Montenegro","MNE","region","Central Europe","20","21","22","2011","pm25","PM25","GBD Regions","µg/m3"
21168,"country","Montenegro","MNE","region","Central Europe","20","21","22","2012","pm25","PM25","GBD Regions","µg/m3"
21169,"country","Montenegro","MNE","region","Central Europe","21","22","23","2013","pm25","PM25","GBD Regions","µg/m3"
21162,"country","Montenegro","MNE","region","Central Europe","21","23","24","2014","pm25","PM25","GBD Regions","µg/m3"
21161,"country","Montenegro","MNE","region","Central Europe","19","20","22","2015","pm25","PM25","GBD Regions","µg/m3"
21170,"country","Montenegro","MNE","region","Central Europe","19","20","22","2016","pm25","PM25","GBD Regions","µg/m3"
23055,"country","Morocco","MAR","region","North Africa and Middle East","22","22","23","1990","pm25","PM25","GBD Regions","µg/m3"
23058,"country","Morocco","MAR","region","North Africa and Middle East","22","22","22","1995","pm25","PM25","GBD Regions","µg/m3"
23051,"country","Morocco","MAR","region","North Africa and Middle East","21","22","22","2000","pm25","PM25","GBD Regions","µg/m3"
23054,"country","Morocco","MAR","region","North Africa and Middle East","21","21","22","2005","pm25","PM25","GBD Regions","µg/m3"
23056,"country","Morocco","MAR","region","North Africa and Middle East","19","20","20","2010","pm25","PM25","GBD Regions","µg/m3"
23059,"country","Morocco","MAR","region","North Africa and Middle East","18","19","20","2011","pm25","PM25","GBD Regions","µg/m3"
23050,"country","Morocco","MAR","region","North Africa and Middle East","18","19","19","2012","pm25","PM25","GBD Regions","µg/m3"
23053,"country","Morocco","MAR","region","North Africa and Middle East","19","20","21","2013","pm25","PM25","GBD Regions","µg/m3"
23057,"country","Morocco","MAR","region","North Africa and Middle East","21","21","22","2014","pm25","PM25","GBD Regions","µg/m3"
23060,"country","Morocco","MAR","region","North Africa and Middle East","24","25","26","2015","pm25","PM25","GBD Regions","µg/m3"
23052,"country","Morocco","MAR","region","North Africa and Middle East","25","25","26","2016","pm25","PM25","GBD Regions","µg/m3"
24424,"country","Namibia","NAM","region","Southern Sub-Saharan Africa","24","26","29","1990","pm25","PM25","GBD Regions","µg/m3"
24430,"country","Namibia","NAM","region","Southern Sub-Saharan Africa","23","25","28","1995","pm25","PM25","GBD Regions","µg/m3"
24425,"country","Namibia","NAM","region","Southern Sub-Saharan Africa","24","27","32","2000","pm25","PM25","GBD Regions","µg/m3"
24422,"country","Namibia","NAM","region","Southern Sub-Saharan Africa","22","26","31","2005","pm25","PM25","GBD Regions","µg/m3"
24426,"country","Namibia","NAM","region","Southern Sub-Saharan Africa","19","23","28","2010","pm25","PM25","GBD Regions","µg/m3"
24432,"country","Namibia","NAM","region","Southern Sub-Saharan Africa","20","23","29","2011","pm25","PM25","GBD Regions","µg/m3"
24429,"country","Namibia","NAM","region","Southern Sub-Saharan Africa","19","23","28","2012","pm25","PM25","GBD Regions","µg/m3"
24423,"country","Namibia","NAM","region","Southern Sub-Saharan Africa","19","22","27","2013","pm25","PM25","GBD Regions","µg/m3"
24427,"country","Namibia","NAM","region","Southern Sub-Saharan Africa","19","22","27","2014","pm25","PM25","GBD Regions","µg/m3"
24431,"country","Namibia","NAM","region","Southern Sub-Saharan Africa","22","26","32","2015","pm25","PM25","GBD Regions","µg/m3"
24428,"country","Namibia","NAM","region","Southern Sub-Saharan Africa","22","26","33","2016","pm25","PM25","GBD Regions","µg/m3"
23828,"country","Nepal","NPL","region","South Asia","54","56","58","1990","pm25","PM25","GBD Regions","µg/m3"
23830,"country","Nepal","NPL","region","South Asia","55","57","59","1995","pm25","PM25","GBD Regions","µg/m3"
23831,"country","Nepal","NPL","region","South Asia","54","56","58","2000","pm25","PM25","GBD Regions","µg/m3"
23825,"country","Nepal","NPL","region","South Asia","58","60","63","2005","pm25","PM25","GBD Regions","µg/m3"
23826,"country","Nepal","NPL","region","South Asia","60","63","65","2010","pm25","PM25","GBD Regions","µg/m3"
23822,"country","Nepal","NPL","region","South Asia","61","63","66","2011","pm25","PM25","GBD Regions","µg/m3"
23824,"country","Nepal","NPL","region","South Asia","62","65","68","2012","pm25","PM25","GBD Regions","µg/m3"
23823,"country","Nepal","NPL","region","South Asia","67","70","74","2013","pm25","PM25","GBD Regions","µg/m3"
23829,"country","Nepal","NPL","region","South Asia","68","72","76","2014","pm25","PM25","GBD Regions","µg/m3"
23832,"country","Nepal","NPL","region","South Asia","74","78","83","2015","pm25","PM25","GBD Regions","µg/m3"
23827,"country","Nepal","NPL","region","South Asia","74","78","84","2016","pm25","PM25","GBD Regions","µg/m3"
21528,"country","Nicaragua","NIC","region","Central Latin America","29","33","38","1990","pm25","PM25","GBD Regions","µg/m3"
21526,"country","Nicaragua","NIC","region","Central Latin America","29","33","39","1995","pm25","PM25","GBD Regions","µg/m3"
21525,"country","Nicaragua","NIC","region","Central Latin America","30","34","42","2000","pm25","PM25","GBD Regions","µg/m3"
21529,"country","Nicaragua","NIC","region","Central Latin America","28","32","39","2005","pm25","PM25","GBD Regions","µg/m3"
21523,"country","Nicaragua","NIC","region","Central Latin America","20","23","28","2010","pm25","PM25","GBD Regions","µg/m3"
21527,"country","Nicaragua","NIC","region","Central Latin America","22","25","30","2011","pm25","PM25","GBD Regions","µg/m3"
21524,"country","Nicaragua","NIC","region","Central Latin America","25","29","35","2012","pm25","PM25","GBD Regions","µg/m3"
21530,"country","Nicaragua","NIC","region","Central Latin America","25","29","35","2013","pm25","PM25","GBD Regions","µg/m3"
21522,"country","Nicaragua","NIC","region","Central Latin America","24","28","35","2014","pm25","PM25","GBD Regions","µg/m3"
21520,"country","Nicaragua","NIC","region","Central Latin America","20","23","28","2015","pm25","PM25","GBD Regions","µg/m3"
21521,"country","Nicaragua","NIC","region","Central Latin America","20","23","27","2016","pm25","PM25","GBD Regions","µg/m3"
21827,"country","North Korea","PRK","region","East Asia","28","31","34","1990","pm25","PM25","GBD Regions","µg/m3"
21820,"country","North Korea","PRK","region","East Asia","28","30","34","1995","pm25","PM25","GBD Regions","µg/m3"
21825,"country","North Korea","PRK","region","East Asia","28","31","34","2000","pm25","PM25","GBD Regions","µg/m3"
21829,"country","North Korea","PRK","region","East Asia","29","32","35","2005","pm25","PM25","GBD Regions","µg/m3"
21830,"country","North Korea","PRK","region","East Asia","29","31","34","2010","pm25","PM25","GBD Regions","µg/m3"
21823,"country","North Korea","PRK","region","East Asia","27","30","32","2011","pm25","PM25","GBD Regions","µg/m3"
21821,"country","North Korea","PRK","region","East Asia","28","30","33","2012","pm25","PM25","GBD Regions","µg/m3"
21826,"country","North Korea","PRK","region","East Asia","29","32","34","2013","pm25","PM25","GBD Regions","µg/m3"
21824,"country","North Korea","PRK","region","East Asia","30","33","36","2014","pm25","PM25","GBD Regions","µg/m3"
21828,"country","North Korea","PRK","region","East Asia","33","36","39","2015","pm25","PM25","GBD Regions","µg/m3"
21822,"country","North Korea","PRK","region","East Asia","33","36","39","2016","pm25","PM25","GBD Regions","µg/m3"
23118,"country","Oman","OMN","region","North Africa and Middle East","60","66","74","1990","pm25","PM25","GBD Regions","µg/m3"
23119,"country","Oman","OMN","region","North Africa and Middle East","60","65","72","1995","pm25","PM25","GBD Regions","µg/m3"
23112,"country","Oman","OMN","region","North Africa and Middle East","60","66","74","2000","pm25","PM25","GBD Regions","µg/m3"
23111,"country","Oman","OMN","region","North Africa and Middle East","52","57","63","2005","pm25","PM25","GBD Regions","µg/m3"
23110,"country","Oman","OMN","region","North Africa and Middle East","51","56","62","2010","pm25","PM25","GBD Regions","µg/m3"
23120,"country","Oman","OMN","region","North Africa and Middle East","53","57","64","2011","pm25","PM25","GBD Regions","µg/m3"
23113,"country","Oman","OMN","region","North Africa and Middle East","55","60","67","2012","pm25","PM25","GBD Regions","µg/m3"
23116,"country","Oman","OMN","region","North Africa and Middle East","53","58","64","2013","pm25","PM25","GBD Regions","µg/m3"
23115,"country","Oman","OMN","region","North Africa and Middle East","51","55","61","2014","pm25","PM25","GBD Regions","µg/m3"
23114,"country","Oman","OMN","region","North Africa and Middle East","70","76","84","2015","pm25","PM25","GBD Regions","µg/m3"
23117,"country","Oman","OMN","region","North Africa and Middle East","72","78","86","2016","pm25","PM25","GBD Regions","µg/m3"
23855,"country","Pakistan","PAK","region","South Asia","67","68","69","1990","pm25","PM25","GBD Regions","µg/m3"
23859,"country","Pakistan","PAK","region","South Asia","66","67","69","1995","pm25","PM25","GBD Regions","µg/m3"
23852,"country","Pakistan","PAK","region","South Asia","68","70","71","2000","pm25","PM25","GBD Regions","µg/m3"
23861,"country","Pakistan","PAK","region","South Asia","63","64","65","2005","pm25","PM25","GBD Regions","µg/m3"
23858,"country","Pakistan","PAK","region","South Asia","60","61","62","2010","pm25","PM25","GBD Regions","µg/m3"
23853,"country","Pakistan","PAK","region","South Asia","63","64","65","2011","pm25","PM25","GBD Regions","µg/m3"
23862,"country","Pakistan","PAK","region","South Asia","62","63","64","2012","pm25","PM25","GBD Regions","µg/m3"
23860,"country","Pakistan","PAK","region","South Asia","63","64","65","2013","pm25","PM25","GBD Regions","µg/m3"
23857,"country","Pakistan","PAK","region","South Asia","63","64","65","2014","pm25","PM25","GBD Regions","µg/m3"
23854,"country","Pakistan","PAK","region","South Asia","74","75","77","2015","pm25","PM25","GBD Regions","µg/m3"
23856,"country","Pakistan","PAK","region","South Asia","74","76","77","2016","pm25","PM25","GBD Regions","µg/m3"
23088,"country","Palestine","PSE","region","North Africa and Middle East","16","18","19","1990","pm25","PM25","GBD Regions","µg/m3"
23085,"country","Palestine","PSE","region","North Africa and Middle East","16","17","18","1995","pm25","PM25","GBD Regions","µg/m3"
23080,"country","Palestine","PSE","region","North Africa and Middle East","16","17","18","2000","pm25","PM25","GBD Regions","µg/m3"
23083,"country","Palestine","PSE","region","North Africa and Middle East","15","17","18","2005","pm25","PM25","GBD Regions","µg/m3"
23081,"country","Palestine","PSE","region","North Africa and Middle East","17","18","20","2010","pm25","PM25","GBD Regions","µg/m3"
23086,"country","Palestine","PSE","region","North Africa and Middle East","17","18","19","2011","pm25","PM25","GBD Regions","µg/m3"
23082,"country","Palestine","PSE","region","North Africa and Middle East","17","18","19","2012","pm25","PM25","GBD Regions","µg/m3"
23084,"country","Palestine","PSE","region","North Africa and Middle East","17","19","20","2013","pm25","PM25","GBD Regions","µg/m3"
23090,"country","Palestine","PSE","region","North Africa and Middle East","18","20","21","2014","pm25","PM25","GBD Regions","µg/m3"
23087,"country","Palestine","PSE","region","North Africa and Middle East","18","19","20","2015","pm25","PM25","GBD Regions","µg/m3"
23089,"country","Palestine","PSE","region","North Africa and Middle East","18","19","20","2016","pm25","PM25","GBD Regions","µg/m3"
21558,"country","Panama","PAN","region","Central Latin America","15","16","17","1990","pm25","PM25","GBD Regions","µg/m3"
21560,"country","Panama","PAN","region","Central Latin America","14","15","17","1995","pm25","PM25","GBD Regions","µg/m3"
21553,"country","Panama","PAN","region","Central Latin America","15","16","19","2000","pm25","PM25","GBD Regions","µg/m3"
21552,"country","Panama","PAN","region","Central Latin America","13","14","16","2005","pm25","PM25","GBD Regions","µg/m3"
21550,"country","Panama","PAN","region","Central Latin America","9","10","12","2010","pm25","PM25","GBD Regions","µg/m3"
21559,"country","Panama","PAN","region","Central Latin America","9","10","12","2011","pm25","PM25","GBD Regions","µg/m3"
21554,"country","Panama","PAN","region","Central Latin America","10","11","13","2012","pm25","PM25","GBD Regions","µg/m3"
21551,"country","Panama","PAN","region","Central Latin America","11","12","14","2013","pm25","PM25","GBD Regions","µg/m3"
21557,"country","Panama","PAN","region","Central Latin America","11","12","14","2014","pm25","PM25","GBD Regions","µg/m3"
21555,"country","Panama","PAN","region","Central Latin America","12","14","16","2015","pm25","PM25","GBD Regions","µg/m3"
21556,"country","Panama","PAN","region","Central Latin America","13","14","16","2016","pm25","PM25","GBD Regions","µg/m3"
21196,"country","Poland","POL","region","Central Europe","45","46","46","1990","pm25","PM25","GBD Regions","µg/m3"
21192,"country","Poland","POL","region","Central Europe","32","33","33","1995","pm25","PM25","GBD Regions","µg/m3"
21197,"country","Poland","POL","region","Central Europe","26","26","27","2000","pm25","PM25","GBD Regions","µg/m3"
21199,"country","Poland","POL","region","Central Europe","25","25","25","2005","pm25","PM25","GBD Regions","µg/m3"
21191,"country","Poland","POL","region","Central Europe","27","27","28","2010","pm25","PM25","GBD Regions","µg/m3"
21190,"country","Poland","POL","region","Central Europe","27","27","27","2011","pm25","PM25","GBD Regions","µg/m3"
21198,"country","Poland","POL","region","Central Europe","24","24","25","2012","pm25","PM25","GBD Regions","µg/m3"
21193,"country","Poland","POL","region","Central Europe","24","25","25","2013","pm25","PM25","GBD Regions","µg/m3"
21200,"country","Poland","POL","region","Central Europe","24","25","25","2014","pm25","PM25","GBD Regions","µg/m3"
21194,"country","Poland","POL","region","Central Europe","25","26","26","2015","pm25","PM25","GBD Regions","µg/m3"
21195,"country","Poland","POL","region","Central Europe","25","26","26","2016","pm25","PM25","GBD Regions","µg/m3"
23150,"country","Qatar","QAT","region","North Africa and Middle East","96","108","122","1990","pm25","PM25","GBD Regions","µg/m3"
23140,"country","Qatar","QAT","region","North Africa and Middle East","94","106","118","1995","pm25","PM25","GBD Regions","µg/m3"
23142,"country","Qatar","QAT","region","North Africa and Middle East","91","106","123","2000","pm25","PM25","GBD Regions","µg/m3"
23148,"country","Qatar","QAT","region","North Africa and Middle East","90","103","116","2005","pm25","PM25","GBD Regions","µg/m3"
23145,"country","Qatar","QAT","region","North Africa and Middle East","108","122","140","2010","pm25","PM25","GBD Regions","µg/m3"
23144,"country","Qatar","QAT","region","North Africa and Middle East","99","113","129","2011","pm25","PM25","GBD Regions","µg/m3"
23146,"country","Qatar","QAT","region","North Africa and Middle East","106","121","138","2012","pm25","PM25","GBD Regions","µg/m3"
23147,"country","Qatar","QAT","region","North Africa and Middle East","101","115","132","2013","pm25","PM25","GBD Regions","µg/m3"
23143,"country","Qatar","QAT","region","North Africa and Middle East","95","107","124","2014","pm25","PM25","GBD Regions","µg/m3"
23149,"country","Qatar","QAT","region","North Africa and Middle East","129","148","168","2015","pm25","PM25","GBD Regions","µg/m3"
23141,"country","Qatar","QAT","region","North Africa and Middle East","131","148","170","2016","pm25","PM25","GBD Regions","µg/m3"
21228,"country","Romania","ROU","region","Central Europe","32","33","34","1990","pm25","PM25","GBD Regions","µg/m3"
21229,"country","Romania","ROU","region","Central Europe","24","25","25","1995","pm25","PM25","GBD Regions","µg/m3"
21223,"country","Romania","ROU","region","Central Europe","21","21","22","2000","pm25","PM25","GBD Regions","µg/m3"
21225,"country","Romania","ROU","region","Central Europe","17","17","18","2005","pm25","PM25","GBD Regions","µg/m3"
21227,"country","Romania","ROU","region","Central Europe","20","20","21","2010","pm25","PM25","GBD Regions","µg/m3"
21222,"country","Romania","ROU","region","Central Europe","20","20","21","2011","pm25","PM25","GBD Regions","µg/m3"
21221,"country","Romania","ROU","region","Central Europe","19","19","20","2012","pm25","PM25","GBD Regions","µg/m3"
21230,"country","Romania","ROU","region","Central Europe","19","19","20","2013","pm25","PM25","GBD Regions","µg/m3"
21226,"country","Romania","ROU","region","Central Europe","19","19","20","2014","pm25","PM25","GBD Regions","µg/m3"
21224,"country","Romania","ROU","region","Central Europe","19","19","19","2015","pm25","PM25","GBD Regions","µg/m3"
21220,"country","Romania","ROU","region","Central Europe","19","19","20","2016","pm25","PM25","GBD Regions","µg/m3"
23174,"country","Saudi Arabia","SAU","region","North Africa and Middle East","85","85","86","1990","pm25","PM25","GBD Regions","µg/m3"
23180,"country","Saudi Arabia","SAU","region","North Africa and Middle East","83","84","84","1995","pm25","PM25","GBD Regions","µg/m3"
23175,"country","Saudi Arabia","SAU","region","North Africa and Middle East","92","93","95","2000","pm25","PM25","GBD Regions","µg/m3"
23170,"country","Saudi Arabia","SAU","region","North Africa and Middle East","91","93","95","2005","pm25","PM25","GBD Regions","µg/m3"
23171,"country","Saudi Arabia","SAU","region","North Africa and Middle East","127","130","133","2010","pm25","PM25","GBD Regions","µg/m3"
23178,"country","Saudi Arabia","SAU","region","North Africa and Middle East","128","131","133","2011","pm25","PM25","GBD Regions","µg/m3"
23176,"country","Saudi Arabia","SAU","region","North Africa and Middle East","133","136","139","2012","pm25","PM25","GBD Regions","µg/m3"
23177,"country","Saudi Arabia","SAU","region","North Africa and Middle East","124","126","128","2013","pm25","PM25","GBD Regions","µg/m3"
23173,"country","Saudi Arabia","SAU","region","North Africa and Middle East","114","116","119","2014","pm25","PM25","GBD Regions","µg/m3"
23179,"country","Saudi Arabia","SAU","region","North Africa and Middle East","179","183","186","2015","pm25","PM25","GBD Regions","µg/m3"
23172,"country","Saudi Arabia","SAU","region","North Africa and Middle East","184","188","192","2016","pm25","PM25","GBD Regions","µg/m3"
21256,"country","Serbia","SRB","region","Central Europe","24","25","25","1990","pm25","PM25","GBD Regions","µg/m3"
21257,"country","Serbia","SRB","region","Central Europe","19","20","20","1995","pm25","PM25","GBD Regions","µg/m3"
21260,"country","Serbia","SRB","region","Central Europe","18","19","20","2000","pm25","PM25","GBD Regions","µg/m3"
21255,"country","Serbia","SRB","region","Central Europe","16","17","17","2005","pm25","PM25","GBD Regions","µg/m3"
21250,"country","Serbia","SRB","region","Central Europe","19","20","20","2010","pm25","PM25","GBD Regions","µg/m3"
21251,"country","Serbia","SRB","region","Central Europe","19","19","20","2011","pm25","PM25","GBD Regions","µg/m3"
21253,"country","Serbia","SRB","region","Central Europe","18","19","20","2012","pm25","PM25","GBD Regions","µg/m3"
21254,"country","Serbia","SRB","region","Central Europe","19","19","20","2013","pm25","PM25","GBD Regions","µg/m3"
21258,"country","Serbia","SRB","region","Central Europe","19","20","21","2014","pm25","PM25","GBD Regions","µg/m3"
21252,"country","Serbia","SRB","region","Central Europe","18","19","20","2015","pm25","PM25","GBD Regions","µg/m3"
21259,"country","Serbia","SRB","region","Central Europe","18","19","20","2016","pm25","PM25","GBD Regions","µg/m3"
21284,"country","Slovakia","SVK","region","Central Europe","34","36","37","1990","pm25","PM25","GBD Regions","µg/m3"
21289,"country","Slovakia","SVK","region","Central Europe","25","26","27","1995","pm25","PM25","GBD Regions","µg/m3"
21286,"country","Slovakia","SVK","region","Central Europe","21","22","22","2000","pm25","PM25","GBD Regions","µg/m3"
21281,"country","Slovakia","SVK","region","Central Europe","20","20","21","2005","pm25","PM25","GBD Regions","µg/m3"
21280,"country","Slovakia","SVK","region","Central Europe","20","20","21","2010","pm25","PM25","GBD Regions","µg/m3"
21288,"country","Slovakia","SVK","region","Central Europe","19","20","20","2011","pm25","PM25","GBD Regions","µg/m3"
21282,"country","Slovakia","SVK","region","Central Europe","18","19","19","2012","pm25","PM25","GBD Regions","µg/m3"
21283,"country","Slovakia","SVK","region","Central Europe","19","19","20","2013","pm25","PM25","GBD Regions","µg/m3"
21285,"country","Slovakia","SVK","region","Central Europe","19","20","20","2014","pm25","PM25","GBD Regions","µg/m3"
21287,"country","Slovakia","SVK","region","Central Europe","20","20","21","2015","pm25","PM25","GBD Regions","µg/m3"
21290,"country","Slovakia","SVK","region","Central Europe","20","20","21","2016","pm25","PM25","GBD Regions","µg/m3"
21316,"country","Slovenia","SVN","region","Central Europe","23","25","26","1990","pm25","PM25","GBD Regions","µg/m3"
21313,"country","Slovenia","SVN","region","Central Europe","19","20","21","1995","pm25","PM25","GBD Regions","µg/m3"
21315,"country","Slovenia","SVN","region","Central Europe","16","17","18","2000","pm25","PM25","GBD Regions","µg/m3"
21310,"country","Slovenia","SVN","region","Central Europe","16","17","17","2005","pm25","PM25","GBD Regions","µg/m3"
21319,"country","Slovenia","SVN","region","Central Europe","15","16","17","2010","pm25","PM25","GBD Regions","µg/m3"
21318,"country","Slovenia","SVN","region","Central Europe","14","15","16","2011","pm25","PM25","GBD Regions","µg/m3"
21312,"country","Slovenia","SVN","region","Central Europe","15","16","17","2012","pm25","PM25","GBD Regions","µg/m3"
21320,"country","Slovenia","SVN","region","Central Europe","16","17","18","2013","pm25","PM25","GBD Regions","µg/m3"
21311,"country","Slovenia","SVN","region","Central Europe","18","19","20","2014","pm25","PM25","GBD Regions","µg/m3"
21317,"country","Slovenia","SVN","region","Central Europe","17","18","19","2015","pm25","PM25","GBD Regions","µg/m3"
21314,"country","Slovenia","SVN","region","Central Europe","17","18","19","2016","pm25","PM25","GBD Regions","µg/m3"
24453,"country","South Africa","ZAF","region","Southern Sub-Saharan Africa","34","35","36","1990","pm25","PM25","GBD Regions","µg/m3"
24455,"country","South Africa","ZAF","region","Southern Sub-Saharan Africa","35","36","37","1995","pm25","PM25","GBD Regions","µg/m3"
24461,"country","South Africa","ZAF","region","Southern Sub-Saharan Africa","36","37","38","2000","pm25","PM25","GBD Regions","µg/m3"
24460,"country","South Africa","ZAF","region","Southern Sub-Saharan Africa","35","36","37","2005","pm25","PM25","GBD Regions","µg/m3"
24452,"country","South Africa","ZAF","region","Southern Sub-Saharan Africa","29","30","31","2010","pm25","PM25","GBD Regions","µg/m3"
24456,"country","South Africa","ZAF","region","Southern Sub-Saharan Africa","29","29","30","2011","pm25","PM25","GBD Regions","µg/m3"
24462,"country","South Africa","ZAF","region","Southern Sub-Saharan Africa","28","29","30","2012","pm25","PM25","GBD Regions","µg/m3"
24459,"country","South Africa","ZAF","region","Southern Sub-Saharan Africa","28","29","30","2013","pm25","PM25","GBD Regions","µg/m3"
24458,"country","South Africa","ZAF","region","Southern Sub-Saharan Africa","29","29","30","2014","pm25","PM25","GBD Regions","µg/m3"
24454,"country","South Africa","ZAF","region","Southern Sub-Saharan Africa","35","36","37","2015","pm25","PM25","GBD Regions","µg/m3"
24457,"country","South Africa","ZAF","region","Southern Sub-Saharan Africa","35","36","37","2016","pm25","PM25","GBD Regions","µg/m3"
23202,"country","Sudan","SDN","region","North Africa and Middle East","55","57","61","1990","pm25","PM25","GBD Regions","µg/m3"
23208,"country","Sudan","SDN","region","North Africa and Middle East","55","57","61","1995","pm25","PM25","GBD Regions","µg/m3"
23203,"country","Sudan","SDN","region","North Africa and Middle East","55","57","60","2000","pm25","PM25","GBD Regions","µg/m3"
23207,"country","Sudan","SDN","region","North Africa and Middle East","53","56","58","2005","pm25","PM25","GBD Regions","µg/m3"
23200,"country","Sudan","SDN","region","North Africa and Middle East","54","56","59","2010","pm25","PM25","GBD Regions","µg/m3"
23205,"country","Sudan","SDN","region","North Africa and Middle East","55","57","60","2011","pm25","PM25","GBD Regions","µg/m3"
23209,"country","Sudan","SDN","region","North Africa and Middle East","57","59","62","2012","pm25","PM25","GBD Regions","µg/m3"
23206,"country","Sudan","SDN","region","North Africa and Middle East","53","55","58","2013","pm25","PM25","GBD Regions","µg/m3"
23201,"country","Sudan","SDN","region","North Africa and Middle East","50","53","55","2014","pm25","PM25","GBD Regions","µg/m3"
23204,"country","Sudan","SDN","region","North Africa and Middle East","73","76","80","2015","pm25","PM25","GBD Regions","µg/m3"
23210,"country","Sudan","SDN","region","North Africa and Middle East","75","78","82","2016","pm25","PM25","GBD Regions","µg/m3"
24482,"country","Swaziland","SWZ","region","Southern Sub-Saharan Africa","24","26","29","1990","pm25","PM25","GBD Regions","µg/m3"
24492,"country","Swaziland","SWZ","region","Southern Sub-Saharan Africa","24","27","30","1995","pm25","PM25","GBD Regions","µg/m3"
24484,"country","Swaziland","SWZ","region","Southern Sub-Saharan Africa","24","28","33","2000","pm25","PM25","GBD Regions","µg/m3"
24483,"country","Swaziland","SWZ","region","Southern Sub-Saharan Africa","23","26","32","2005","pm25","PM25","GBD Regions","µg/m3"
24486,"country","Swaziland","SWZ","region","Southern Sub-Saharan Africa","19","22","27","2010","pm25","PM25","GBD Regions","µg/m3"
24488,"country","Swaziland","SWZ","region","Southern Sub-Saharan Africa","19","22","26","2011","pm25","PM25","GBD Regions","µg/m3"
24490,"country","Swaziland","SWZ","region","Southern Sub-Saharan Africa","19","22","26","2012","pm25","PM25","GBD Regions","µg/m3"
24487,"country","Swaziland","SWZ","region","Southern Sub-Saharan Africa","18","21","26","2013","pm25","PM25","GBD Regions","µg/m3"
24489,"country","Swaziland","SWZ","region","Southern Sub-Saharan Africa","18","22","26","2014","pm25","PM25","GBD Regions","µg/m3"
24485,"country","Swaziland","SWZ","region","Southern Sub-Saharan Africa","21","24","29","2015","pm25","PM25","GBD Regions","µg/m3"
24491,"country","Swaziland","SWZ","region","Southern Sub-Saharan Africa","21","24","28","2016","pm25","PM25","GBD Regions","µg/m3"
23233,"country","Syria","SYR","region","North Africa and Middle East","33","34","35","1990","pm25","PM25","GBD Regions","µg/m3"
23231,"country","Syria","SYR","region","North Africa and Middle East","31","32","34","1995","pm25","PM25","GBD Regions","µg/m3"
23236,"country","Syria","SYR","region","North Africa and Middle East","29","32","37","2000","pm25","PM25","GBD Regions","µg/m3"
23238,"country","Syria","SYR","region","North Africa and Middle East","28","31","35","2005","pm25","PM25","GBD Regions","µg/m3"
23237,"country","Syria","SYR","region","North Africa and Middle East","37","41","47","2010","pm25","PM25","GBD Regions","µg/m3"
23240,"country","Syria","SYR","region","North Africa and Middle East","35","38","43","2011","pm25","PM25","GBD Regions","µg/m3"
23235,"country","Syria","SYR","region","North Africa and Middle East","34","38","42","2012","pm25","PM25","GBD Regions","µg/m3"
23239,"country","Syria","SYR","region","North Africa and Middle East","35","38","43","2013","pm25","PM25","GBD Regions","µg/m3"
23234,"country","Syria","SYR","region","North Africa and Middle East","36","40","45","2014","pm25","PM25","GBD Regions","µg/m3"
23230,"country","Syria","SYR","region","North Africa and Middle East","40","43","48","2015","pm25","PM25","GBD Regions","µg/m3"
23232,"country","Syria","SYR","region","North Africa and Middle East","40","44","48","2016","pm25","PM25","GBD Regions","µg/m3"
21853,"country","Taiwan","TWN","region","East Asia","26","27","28","1990","pm25","PM25","GBD Regions","µg/m3"
21860,"country","Taiwan","TWN","region","East Asia","26","27","28","1995","pm25","PM25","GBD Regions","µg/m3"
21856,"country","Taiwan","TWN","region","East Asia","29","30","31","2000","pm25","PM25","GBD Regions","µg/m3"
21857,"country","Taiwan","TWN","region","East Asia","30","32","33","2005","pm25","PM25","GBD Regions","µg/m3"
21854,"country","Taiwan","TWN","region","East Asia","29","31","32","2010","pm25","PM25","GBD Regions","µg/m3"
21858,"country","Taiwan","TWN","region","East Asia","28","30","31","2011","pm25","PM25","GBD Regions","µg/m3"
21852,"country","Taiwan","TWN","region","East Asia","29","30","31","2012","pm25","PM25","GBD Regions","µg/m3"
21855,"country","Taiwan","TWN","region","East Asia","28","30","31","2013","pm25","PM25","GBD Regions","µg/m3"
21851,"country","Taiwan","TWN","region","East Asia","29","30","32","2014","pm25","PM25","GBD Regions","µg/m3"
21859,"country","Taiwan","TWN","region","East Asia","28","29","31","2015","pm25","PM25","GBD Regions","µg/m3"
21850,"country","Taiwan","TWN","region","East Asia","28","29","31","2016","pm25","PM25","GBD Regions","µg/m3"
20867,"country","Tajikistan","TJK","region","Central Asia","67","74","84","1990","pm25","PM25","GBD Regions","µg/m3"
20862,"country","Tajikistan","TJK","region","Central Asia","56","62","70","1995","pm25","PM25","GBD Regions","µg/m3"
20866,"country","Tajikistan","TJK","region","Central Asia","55","63","79","2000","pm25","PM25","GBD Regions","µg/m3"
20870,"country","Tajikistan","TJK","region","Central Asia","39","44","55","2005","pm25","PM25","GBD Regions","µg/m3"
20868,"country","Tajikistan","TJK","region","Central Asia","43","49","63","2010","pm25","PM25","GBD Regions","µg/m3"
20864,"country","Tajikistan","TJK","region","Central Asia","42","48","60","2011","pm25","PM25","GBD Regions","µg/m3"
20861,"country","Tajikistan","TJK","region","Central Asia","43","49","63","2012","pm25","PM25","GBD Regions","µg/m3"
20869,"country","Tajikistan","TJK","region","Central Asia","42","48","61","2013","pm25","PM25","GBD Regions","µg/m3"
20863,"country","Tajikistan","TJK","region","Central Asia","44","50","63","2014","pm25","PM25","GBD Regions","µg/m3"
20865,"country","Tajikistan","TJK","region","Central Asia","53","61","76","2015","pm25","PM25","GBD Regions","µg/m3"
20860,"country","Tajikistan","TJK","region","Central Asia","53","61","75","2016","pm25","PM25","GBD Regions","µg/m3"
23265,"country","Tunisia","TUN","region","North Africa and Middle East","37","38","39","1990","pm25","PM25","GBD Regions","µg/m3"
23267,"country","Tunisia","TUN","region","North Africa and Middle East","36","36","38","1995","pm25","PM25","GBD Regions","µg/m3"
23266,"country","Tunisia","TUN","region","North Africa and Middle East","34","36","37","2000","pm25","PM25","GBD Regions","µg/m3"
23260,"country","Tunisia","TUN","region","North Africa and Middle East","27","28","30","2005","pm25","PM25","GBD Regions","µg/m3"
23261,"country","Tunisia","TUN","region","North Africa and Middle East","34","35","37","2010","pm25","PM25","GBD Regions","µg/m3"
23262,"country","Tunisia","TUN","region","North Africa and Middle East","33","34","36","2011","pm25","PM25","GBD Regions","µg/m3"
23268,"country","Tunisia","TUN","region","North Africa and Middle East","32","34","35","2012","pm25","PM25","GBD Regions","µg/m3"
23263,"country","Tunisia","TUN","region","North Africa and Middle East","34","36","37","2013","pm25","PM25","GBD Regions","µg/m3"
23269,"country","Tunisia","TUN","region","North Africa and Middle East","38","40","42","2014","pm25","PM25","GBD Regions","µg/m3"
23264,"country","Tunisia","TUN","region","North Africa and Middle East","34","36","38","2015","pm25","PM25","GBD Regions","µg/m3"
23270,"country","Tunisia","TUN","region","North Africa and Middle East","34","36","37","2016","pm25","PM25","GBD Regions","µg/m3"
23296,"country","Turkey","TUR","region","North Africa and Middle East","33","33","33","1990","pm25","PM25","GBD Regions","µg/m3"
23297,"country","Turkey","TUR","region","North Africa and Middle East","29","29","30","1995","pm25","PM25","GBD Regions","µg/m3"
23290,"country","Turkey","TUR","region","North Africa and Middle East","30","30","31","2000","pm25","PM25","GBD Regions","µg/m3"
23294,"country","Turkey","TUR","region","North Africa and Middle East","27","28","28","2005","pm25","PM25","GBD Regions","µg/m3"
23292,"country","Turkey","TUR","region","North Africa and Middle East","32","33","33","2010","pm25","PM25","GBD Regions","µg/m3"
23300,"country","Turkey","TUR","region","North Africa and Middle East","32","32","33","2011","pm25","PM25","GBD Regions","µg/m3"
23299,"country","Turkey","TUR","region","North Africa and Middle East","30","30","31","2012","pm25","PM25","GBD Regions","µg/m3"
23293,"country","Turkey","TUR","region","North Africa and Middle East","32","33","34","2013","pm25","PM25","GBD Regions","µg/m3"
23298,"country","Turkey","TUR","region","North Africa and Middle East","34","35","35","2014","pm25","PM25","GBD Regions","µg/m3"
23291,"country","Turkey","TUR","region","North Africa and Middle East","36","37","38","2015","pm25","PM25","GBD Regions","µg/m3"
23295,"country","Turkey","TUR","region","North Africa and Middle East","36","37","38","2016","pm25","PM25","GBD Regions","µg/m3"
20891,"country","Turkmenistan","TKM","region","Central Asia","36","38","42","1990","pm25","PM25","GBD Regions","µg/m3"
20898,"country","Turkmenistan","TKM","region","Central Asia","33","35","38","1995","pm25","PM25","GBD Regions","µg/m3"
20896,"country","Turkmenistan","TKM","region","Central Asia","32","35","40","2000","pm25","PM25","GBD Regions","µg/m3"
20893,"country","Turkmenistan","TKM","region","Central Asia","19","21","24","2005","pm25","PM25","GBD Regions","µg/m3"
20892,"country","Turkmenistan","TKM","region","Central Asia","27","30","36","2010","pm25","PM25","GBD Regions","µg/m3"
20900,"country","Turkmenistan","TKM","region","Central Asia","25","28","32","2011","pm25","PM25","GBD Regions","µg/m3"
20894,"country","Turkmenistan","TKM","region","Central Asia","25","28","33","2012","pm25","PM25","GBD Regions","µg/m3"
20890,"country","Turkmenistan","TKM","region","Central Asia","26","28","34","2013","pm25","PM25","GBD Regions","µg/m3"
20899,"country","Turkmenistan","TKM","region","Central Asia","27","30","36","2014","pm25","PM25","GBD Regions","µg/m3"
20895,"country","Turkmenistan","TKM","region","Central Asia","34","37","44","2015","pm25","PM25","GBD Regions","µg/m3"
20897,"country","Turkmenistan","TKM","region","Central Asia","34","38","44","2016","pm25","PM25","GBD Regions","µg/m3"
23330,"country","United Arab Emirates","ARE","region","North Africa and Middle East","72","74","77","1990","pm25","PM25","GBD Regions","µg/m3"
23321,"country","United Arab Emirates","ARE","region","North Africa and Middle East","71","73","76","1995","pm25","PM25","GBD Regions","µg/m3"
23324,"country","United Arab Emirates","ARE","region","North Africa and Middle East","72","74","77","2000","pm25","PM25","GBD Regions","µg/m3"
23326,"country","United Arab Emirates","ARE","region","North Africa and Middle East","63","66","68","2005","pm25","PM25","GBD Regions","µg/m3"
23328,"country","United Arab Emirates","ARE","region","North Africa and Middle East","70","73","76","2010","pm25","PM25","GBD Regions","µg/m3"
23323,"country","United Arab Emirates","ARE","region","North Africa and Middle East","69","72","75","2011","pm25","PM25","GBD Regions","µg/m3"
23320,"country","United Arab Emirates","ARE","region","North Africa and Middle East","71","74","77","2012","pm25","PM25","GBD Regions","µg/m3"
23327,"country","United Arab Emirates","ARE","region","North Africa and Middle East","67","69","72","2013","pm25","PM25","GBD Regions","µg/m3"
23322,"country","United Arab Emirates","ARE","region","North Africa and Middle East","63","66","69","2014","pm25","PM25","GBD Regions","µg/m3"
23329,"country","United Arab Emirates","ARE","region","North Africa and Middle East","98","103","108","2015","pm25","PM25","GBD Regions","µg/m3"
23325,"country","United Arab Emirates","ARE","region","North Africa and Middle East","101","105","110","2016","pm25","PM25","GBD Regions","µg/m3"
22730,"country","United States","USA","region","High-income North America","11","11","11","1990","pm25","PM25","GBD Regions","µg/m3"
22726,"country","United States","USA","region","High-income North America","11","11","11","1995","pm25","PM25","GBD Regions","µg/m3"
22725,"country","United States","USA","region","High-income North America","11","11","11","2000","pm25","PM25","GBD Regions","µg/m3"
22723,"country","United States","USA","region","High-income North America","10","10","11","2005","pm25","PM25","GBD Regions","µg/m3"
22721,"country","United States","USA","region","High-income North America","9","9","9","2010","pm25","PM25","GBD Regions","µg/m3"
22720,"country","United States","USA","region","High-income North America","9","9","9","2011","pm25","PM25","GBD Regions","µg/m3"
22728,"country","United States","USA","region","High-income North America","9","9","9","2012","pm25","PM25","GBD Regions","µg/m3"
22724,"country","United States","USA","region","High-income North America","8","9","9","2013","pm25","PM25","GBD Regions","µg/m3"
22727,"country","United States","USA","region","High-income North America","8","9","9","2014","pm25","PM25","GBD Regions","µg/m3"
22722,"country","United States","USA","region","High-income North America","9","9","9","2015","pm25","PM25","GBD Regions","µg/m3"
22729,"country","United States","USA","region","High-income North America","9","9","9","2016","pm25","PM25","GBD Regions","µg/m3"
20922,"country","Uzbekistan","UZB","region","Central Asia","46","51","57","1990","pm25","PM25","GBD Regions","µg/m3"
20923,"country","Uzbekistan","UZB","region","Central Asia","39","43","48","1995","pm25","PM25","GBD Regions","µg/m3"
20925,"country","Uzbekistan","UZB","region","Central Asia","37","40","45","2000","pm25","PM25","GBD Regions","µg/m3"
20927,"country","Uzbekistan","UZB","region","Central Asia","30","33","37","2005","pm25","PM25","GBD Regions","µg/m3"
20930,"country","Uzbekistan","UZB","region","Central Asia","34","37","42","2010","pm25","PM25","GBD Regions","µg/m3"
20926,"country","Uzbekistan","UZB","region","Central Asia","33","36","40","2011","pm25","PM25","GBD Regions","µg/m3"
20921,"country","Uzbekistan","UZB","region","Central Asia","35","37","42","2012","pm25","PM25","GBD Regions","µg/m3"
20928,"country","Uzbekistan","UZB","region","Central Asia","34","37","41","2013","pm25","PM25","GBD Regions","µg/m3"
20924,"country","Uzbekistan","UZB","region","Central Asia","36","39","44","2014","pm25","PM25","GBD Regions","µg/m3"
20929,"country","Uzbekistan","UZB","region","Central Asia","43","46","51","2015","pm25","PM25","GBD Regions","µg/m3"
20920,"country","Uzbekistan","UZB","region","Central Asia","43","47","53","2016","pm25","PM25","GBD Regions","µg/m3"
21587,"country","Venezuela","VEN","region","Central Latin America","31","32","34","1990","pm25","PM25","GBD Regions","µg/m3"
21590,"country","Venezuela","VEN","region","Central Latin America","28","29","30","1995","pm25","PM25","GBD Regions","µg/m3"
21585,"country","Venezuela","VEN","region","Central Latin America","31","33","35","2000","pm25","PM25","GBD Regions","µg/m3"
21581,"country","Venezuela","VEN","region","Central Latin America","28","29","30","2005","pm25","PM25","GBD Regions","µg/m3"
21588,"country","Venezuela","VEN","region","Central Latin America","22","23","24","2010","pm25","PM25","GBD Regions","µg/m3"
21583,"country","Venezuela","VEN","region","Central Latin America","23","24","25","2011","pm25","PM25","GBD Regions","µg/m3"
21580,"country","Venezuela","VEN","region","Central Latin America","23","24","25","2012","pm25","PM25","GBD Regions","µg/m3"
21589,"country","Venezuela","VEN","region","Central Latin America","24","25","26","2013","pm25","PM25","GBD Regions","µg/m3"
21586,"country","Venezuela","VEN","region","Central Latin America","23","24","25","2014","pm25","PM25","GBD Regions","µg/m3"
21584,"country","Venezuela","VEN","region","Central Latin America","25","26","28","2015","pm25","PM25","GBD Regions","µg/m3"
21582,"country","Venezuela","VEN","region","Central Latin America","24","26","28","2016","pm25","PM25","GBD Regions","µg/m3"
23350,"country","Yemen","YEM","region","North Africa and Middle East","49","54","61","1990","pm25","PM25","GBD Regions","µg/m3"
23351,"country","Yemen","YEM","region","North Africa and Middle East","49","53","61","1995","pm25","PM25","GBD Regions","µg/m3"
23353,"country","Yemen","YEM","region","North Africa and Middle East","49","54","63","2000","pm25","PM25","GBD Regions","µg/m3"
23354,"country","Yemen","YEM","region","North Africa and Middle East","39","43","51","2005","pm25","PM25","GBD Regions","µg/m3"
23355,"country","Yemen","YEM","region","North Africa and Middle East","46","51","59","2010","pm25","PM25","GBD Regions","µg/m3"
23352,"country","Yemen","YEM","region","North Africa and Middle East","49","55","66","2011","pm25","PM25","GBD Regions","µg/m3"
23356,"country","Yemen","YEM","region","North Africa and Middle East","55","62","74","2012","pm25","PM25","GBD Regions","µg/m3"
23358,"country","Yemen","YEM","region","North Africa and Middle East","53","59","70","2013","pm25","PM25","GBD Regions","µg/m3"
23359,"country","Yemen","YEM","region","North Africa and Middle East","50","56","65","2014","pm25","PM25","GBD Regions","µg/m3"
23360,"country","Yemen","YEM","region","North Africa and Middle East","65","72","82","2015","pm25","PM25","GBD Regions","µg/m3"
23357,"country","Yemen","YEM","region","North Africa and Middle East","66","73","84","2016","pm25","PM25","GBD Regions","µg/m3"
24513,"country","Zimbabwe","ZWE","region","Southern Sub-Saharan Africa","24","26","30","1990","pm25","PM25","GBD Regions","µg/m3"
24512,"country","Zimbabwe","ZWE","region","Southern Sub-Saharan Africa","23","25","28","1995","pm25","PM25","GBD Regions","µg/m3"
24522,"country","Zimbabwe","ZWE","region","Southern Sub-Saharan Africa","23","25","28","2000","pm25","PM25","GBD Regions","µg/m3"
24521,"country","Zimbabwe","ZWE","region","Southern Sub-Saharan Africa","23","25","29","2005","pm25","PM25","GBD Regions","µg/m3"
24519,"country","Zimbabwe","ZWE","region","Southern Sub-Saharan Africa","21","22","25","2010","pm25","PM25","GBD Regions","µg/m3"
24514,"country","Zimbabwe","ZWE","region","Southern Sub-Saharan Africa","21","23","26","2011","pm25","PM25","GBD Regions","µg/m3"
24520,"country","Zimbabwe","ZWE","region","Southern Sub-Saharan Africa","21","23","26","2012","pm25","PM25","GBD Regions","µg/m3"
24515,"country","Zimbabwe","ZWE","region","Southern Sub-Saharan Africa","21","23","26","2013","pm25","PM25","GBD Regions","µg/m3"
24517,"country","Zimbabwe","ZWE","region","Southern Sub-Saharan Africa","21","23","26","2014","pm25","PM25","GBD Regions","µg/m3"
24516,"country","Zimbabwe","ZWE","region","Southern Sub-Saharan Africa","22","24","27","2015","pm25","PM25","GBD Regions","µg/m3"
24518,"country","Zimbabwe","ZWE","region","Southern Sub-Saharan Africa","23","25","27","2016","pm25","PM25","GBD Regions","µg/m3"
,"","",,,,,,,,,,,
,"citation","Health Effects Institute. 2018. State of Global Air 2018. www.stateofglobalair.org [accessed: 4/2/2019]. Data source: Global Burden of Disease Study 2016. 2017.",,,,,,,,,,,